SellerID,GUID,Date,Reference,Customer_Code,Name,Physical_Address1,Physical_Address2,Physical_Address3,Physical_Address4,Telephone,Stock_Code,Description,Price_Ex_Vat,Quantity,RepCode,ProductBarCodeID
VILJOEN,0,2026-01-28,CRN23867,P3438,CANDY KIDZ (PTY) LTD,MEGA STORE (30 D - C - I)(15%),P.O. Box 4251,Polokwane,37 Silicon Street Ladine Polokwane 0699,015 297 6145/6,FN004,Foxi Nax Salt Vinegar 50x22g,66.0,-2,31,
VILJOEN,0,2026-01-28,CRN23868,P2454,NDOUVHADA SERVICE STATION (Pty) Ltd T/a,SASOL MATOKS (CAD),P.O. Box 1180,"Dwarsriver,Polokwane",De Farm De Kafter's Drift Siols Matoks Makhado,015 527 5012,B012866,Maynards Mini Babies Disp. 24x60g NEW,inf,0,15,
VILJOEN,0,2026-01-28,IN-431582,P3694,SPAR NORTH RAND (11691),P.O.BOX 11557,ASTON MANOR,,252 RUDO NELL STR HUGHES PARK BOKSBURG,011 823 5254,SQ001,Squeeze-Mee Chocolate 40x130ml,221.44,60,31,
VILJOEN,0,2026-01-28,IN-431582,P3694,SPAR NORTH RAND (11691),P.O.BOX 11557,ASTON MANOR,,252 RUDO NELL STR HUGHES PARK BOKSBURG,011 823 5254,SQ002,Squeeze-Mee Strawberry 40x130ml,221.44,60,31,
VILJOEN,0,2026-01-28,IN-431582,P3694,SPAR NORTH RAND (11691),P.O.BOX 11557,ASTON MANOR,,252 RUDO NELL STR HUGHES PARK BOKSBURG,011 823 5254,SQ003,Squeeze-Mee Bubblegum 40x130ml,221.44,40,31,
VILJOEN,0,2026-01-28,IN-431582,P3694,SPAR NORTH RAND (11691),P.O.BOX 11557,ASTON MANOR,,252 RUDO NELL STR HUGHES PARK BOKSBURG,011 823 5254,SQ004,Squeeze-Mee Vanilla 40x130ml,221.44,60,31,
VILJOEN,0,2026-01-28,IN-431582,P3694,SPAR NORTH RAND (11691),P.O.BOX 11557,ASTON MANOR,,252 RUDO NELL STR HUGHES PARK BOKSBURG,011 823 5254,SQ011,Squeeze-Mee Tof/Car 40x130ml,221.44,60,31,
VILJOEN,0,2026-01-28,IN-431583,S96,SPAR NORTH RAND (11691),,,,,066 296 4861,CP48,Crazy Pops Small  Box 48,34.0,4,30,
VILJOEN,0,2026-01-28,IN-431584,P1228,SPAR NORTH RAND (11691),Posbus 5985,,Polokwane,110 River Street Ladine Polokwane 0699,015 293 0704/5,WBNEW1.5L,"W/B Spring Water Still 12x1,5L",0.0,1,31,
VILJOEN,0,2026-01-28,IN-431585,P3886,CHRIS  BRITS TRUST T/A KING PIE (CAD),SHOP 60A KING PIE TUBATSE CROSSING,NORTH EAST CBR NR37/R555,DIRK WINTERBACH STREET,SHOP 60A  TUBATSE CROSSING NORTH EAST CNR NR37/R555 DIRK WINTERBACH STREET BURGERSFORT,076 9999159 themba,SJ202,Snack a Juice C/Tail S/C 100% 24x500ml,354.24,1,17,
VILJOEN,0,2026-01-28,IN-431585,P3886,CHRIS  BRITS TRUST T/A KING PIE (CAD),SHOP 60A KING PIE TUBATSE CROSSING,NORTH EAST CBR NR37/R555,DIRK WINTERBACH STREET,SHOP 60A  TUBATSE CROSSING NORTH EAST CNR NR37/R555 DIRK WINTERBACH STREET BURGERSFORT,076 9999159 themba,SJ205,Snack a Juice Guava S/C 20% 24x500ml,354.24,1,17,
VILJOEN,0,2026-01-28,IN-431585,P3886,CHRIS  BRITS TRUST T/A KING PIE (CAD),SHOP 60A KING PIE TUBATSE CROSSING,NORTH EAST CBR NR37/R555,DIRK WINTERBACH STREET,SHOP 60A  TUBATSE CROSSING NORTH EAST CNR NR37/R555 DIRK WINTERBACH STREET BURGERSFORT,076 9999159 themba,SJ209,Snack a Juice Breakfast Punch 100% 24x500ml,354.24,1,17,
VILJOEN,0,2026-01-28,IN-431586,P160,ENGEN Q TEMBA FILLING STATION  (7 D - I),P.O. Box 1100,Steelpoort,1133,Dirk Winterbach Street  Burgersfort 1150,013 231 7566,BR011,Oros Orange  24X300ML,110.61,1,17,
VILJOEN,0,2026-01-28,IN-431586,P160,ENGEN Q TEMBA FILLING STATION  (7 D - I),P.O. Box 1100,Steelpoort,1133,Dirk Winterbach Street  Burgersfort 1150,013 231 7566,BR021,Oros  Apple Berry 24X300ML,110.61,1,17,
VILJOEN,0,2026-01-28,IN-431586,P160,ENGEN Q TEMBA FILLING STATION  (7 D - I),P.O. Box 1100,Steelpoort,1133,Dirk Winterbach Street  Burgersfort 1150,013 231 7566,FNP005,Foxi Puffs Sweet Chilli 20x50g,85.65,1,17,
VILJOEN,0,2026-01-28,IN-431586,P160,ENGEN Q TEMBA FILLING STATION  (7 D - I),P.O. Box 1100,Steelpoort,1133,Dirk Winterbach Street  Burgersfort 1150,013 231 7566,FRIM011,Frimax PC Smoked Beef 24x125g,326.61,1,17,
VILJOEN,0,2026-01-28,IN-431586,P160,ENGEN Q TEMBA FILLING STATION  (7 D - I),P.O. Box 1100,Steelpoort,1133,Dirk Winterbach Street  Burgersfort 1150,013 231 7566,MA001,Mageu  Banana 10x500ml,114.76,1,17,
VILJOEN,0,2026-01-28,IN-431586,P160,ENGEN Q TEMBA FILLING STATION  (7 D - I),P.O. Box 1100,Steelpoort,1133,Dirk Winterbach Street  Burgersfort 1150,013 231 7566,MA004,Mageu  Mabele  10x500ml,114.76,1,17,
VILJOEN,0,2026-01-28,IN-431586,P160,ENGEN Q TEMBA FILLING STATION  (7 D - I),P.O. Box 1100,Steelpoort,1133,Dirk Winterbach Street  Burgersfort 1150,013 231 7566,MA013,Mageu  Mabele 10x1lt,148.23,2,17,
VILJOEN,0,2026-01-28,IN-431586,P160,ENGEN Q TEMBA FILLING STATION  (7 D - I),P.O. Box 1100,Steelpoort,1133,Dirk Winterbach Street  Burgersfort 1150,013 231 7566,P860501,Pepsi Cola 12x330ml,71.0,4,17,
VILJOEN,0,2026-01-28,IN-431586,P160,ENGEN Q TEMBA FILLING STATION  (7 D - I),P.O. Box 1100,Steelpoort,1133,Dirk Winterbach Street  Burgersfort 1150,013 231 7566,QU201,aQuelle Still 6x500ml,32.6,10,17,
VILJOEN,0,2026-01-28,IN-431586,P160,ENGEN Q TEMBA FILLING STATION  (7 D - I),P.O. Box 1100,Steelpoort,1133,Dirk Winterbach Street  Burgersfort 1150,013 231 7566,QU202,aQuelle Sparkling 6x500ml,32.6,5,17,
VILJOEN,0,2026-01-28,IN-431586,P160,ENGEN Q TEMBA FILLING STATION  (7 D - I),P.O. Box 1100,Steelpoort,1133,Dirk Winterbach Street  Burgersfort 1150,013 231 7566,QU301,aQuelle Still 6x750ml,50.4,5,17,
VILJOEN,0,2026-01-28,IN-431586,P160,ENGEN Q TEMBA FILLING STATION  (7 D - I),P.O. Box 1100,Steelpoort,1133,Dirk Winterbach Street  Burgersfort 1150,013 231 7566,QU601,aQuelle Litchi 6x500ml,42.0,3,17,
VILJOEN,0,2026-01-28,IN-431586,P160,ENGEN Q TEMBA FILLING STATION  (7 D - I),P.O. Box 1100,Steelpoort,1133,Dirk Winterbach Street  Burgersfort 1150,013 231 7566,QU602,aQuelle Naartjie 6x500ml,42.0,4,17,
VILJOEN,0,2026-01-28,IN-431586,P160,ENGEN Q TEMBA FILLING STATION  (7 D - I),P.O. Box 1100,Steelpoort,1133,Dirk Winterbach Street  Burgersfort 1150,013 231 7566,QU603,aQuelle Strawberry 6x500ml,42.0,3,17,
VILJOEN,0,2026-01-28,IN-431586,P160,ENGEN Q TEMBA FILLING STATION  (7 D - I),P.O. Box 1100,Steelpoort,1133,Dirk Winterbach Street  Burgersfort 1150,013 231 7566,QU604,aQuelle Lemon 6x500ml,42.0,3,17,
VILJOEN,0,2026-01-28,IN-431586,P160,ENGEN Q TEMBA FILLING STATION  (7 D - I),P.O. Box 1100,Steelpoort,1133,Dirk Winterbach Street  Burgersfort 1150,013 231 7566,QU605,aQuelle Granadilla 6x500ml,42.0,3,17,
VILJOEN,0,2026-01-28,IN-431586,P160,ENGEN Q TEMBA FILLING STATION  (7 D - I),P.O. Box 1100,Steelpoort,1133,Dirk Winterbach Street  Burgersfort 1150,013 231 7566,QU606,aQuelle Pineapple 6x500ml,42.0,3,17,
VILJOEN,0,2026-01-28,IN-431586,P160,ENGEN Q TEMBA FILLING STATION  (7 D - I),P.O. Box 1100,Steelpoort,1133,Dirk Winterbach Street  Burgersfort 1150,013 231 7566,QU610,aQuelle Apple 6x500ml,42.0,4,17,
VILJOEN,0,2026-01-28,IN-431586,P160,ENGEN Q TEMBA FILLING STATION  (7 D - I),P.O. Box 1100,Steelpoort,1133,Dirk Winterbach Street  Burgersfort 1150,013 231 7566,QU702,aQuelle Naartjie 6x1.5lt,79.8,3,17,
VILJOEN,0,2026-01-28,IN-431586,P160,ENGEN Q TEMBA FILLING STATION  (7 D - I),P.O. Box 1100,Steelpoort,1133,Dirk Winterbach Street  Burgersfort 1150,013 231 7566,QU703,aQuelle Strawberry 6x1.5lt,79.8,3,17,
VILJOEN,0,2026-01-28,IN-431586,P160,ENGEN Q TEMBA FILLING STATION  (7 D - I),P.O. Box 1100,Steelpoort,1133,Dirk Winterbach Street  Burgersfort 1150,013 231 7566,QU709,aQuelle Honey Melon 6x1.5lt,79.8,3,17,
VILJOEN,0,2026-01-28,IN-431586,P160,ENGEN Q TEMBA FILLING STATION  (7 D - I),P.O. Box 1100,Steelpoort,1133,Dirk Winterbach Street  Burgersfort 1150,013 231 7566,SWI001,Switch Original 24x500ml,184.35,2,17,
VILJOEN,0,2026-01-28,IN-431586,P160,ENGEN Q TEMBA FILLING STATION  (7 D - I),P.O. Box 1100,Steelpoort,1133,Dirk Winterbach Street  Burgersfort 1150,013 231 7566,SWI008,Switch Bok Green Citrus Pine 24x500ml,184.35,1,17,
VILJOEN,0,2026-01-28,IN-431586,P160,ENGEN Q TEMBA FILLING STATION  (7 D - I),P.O. Box 1100,Steelpoort,1133,Dirk Winterbach Street  Burgersfort 1150,013 231 7566,SWI061,Switch Cola Float 24x500ml,184.35,1,17,
VILJOEN,0,2026-01-28,IN-431587,P2244,SPAR NORTH RAND (11691),Kgotsong Filling Station (7D),P.O. Box 6,Boyne,LEBOWAGOMO (TOTAL) 0728,,B3156,Beacon Slab Hazel Heaven 12x80g,175.3,1,17,
VILJOEN,0,2026-01-28,IN-431587,P2244,SPAR NORTH RAND (11691),Kgotsong Filling Station (7D),P.O. Box 6,Boyne,LEBOWAGOMO (TOTAL) 0728,,B3434,Black Cat Peanut Nougat Bar 40x56g,398.99,1,17,
VILJOEN,0,2026-01-28,IN-431587,P2244,SPAR NORTH RAND (11691),Kgotsong Filling Station (7D),P.O. Box 6,Boyne,LEBOWAGOMO (TOTAL) 0728,,B3451,Black Cat Peanut Crunch Bar 40x48g,398.99,1,17,
VILJOEN,0,2026-01-28,IN-431587,P2244,SPAR NORTH RAND (11691),Kgotsong Filling Station (7D),P.O. Box 6,Boyne,LEBOWAGOMO (TOTAL) 0728,,C672215,Stimorol Infinity Mint 1x12,202.61,1,17,
VILJOEN,0,2026-01-28,IN-431587,P2244,SPAR NORTH RAND (11691),Kgotsong Filling Station (7D),P.O. Box 6,Boyne,LEBOWAGOMO (TOTAL) 0728,,C678176,Stimorol Infinity Trop 1x12,202.61,2,17,
VILJOEN,0,2026-01-28,IN-431587,P2244,SPAR NORTH RAND (11691),Kgotsong Filling Station (7D),P.O. Box 6,Boyne,LEBOWAGOMO (TOTAL) 0728,,C680588,Stimorol Infinity Berry Party 1x12,202.61,1,17,
VILJOEN,0,2026-01-28,IN-431587,P2244,SPAR NORTH RAND (11691),Kgotsong Filling Station (7D),P.O. Box 6,Boyne,LEBOWAGOMO (TOTAL) 0728,,MAR101,Snickers Bars 24x50g,315.84,1,17,
VILJOEN,0,2026-01-28,IN-431587,P2244,SPAR NORTH RAND (11691),Kgotsong Filling Station (7D),P.O. Box 6,Boyne,LEBOWAGOMO (TOTAL) 0728,,MAR103,Snickers Bar Twin Pack 24x (40gx2),380.16,1,17,
VILJOEN,0,2026-01-28,IN-431587,P2244,SPAR NORTH RAND (11691),Kgotsong Filling Station (7D),P.O. Box 6,Boyne,LEBOWAGOMO (TOTAL) 0728,,MAR201,Twix Bars 25x50g,329.0,1,17,
VILJOEN,0,2026-01-28,IN-431587,P2244,SPAR NORTH RAND (11691),Kgotsong Filling Station (7D),P.O. Box 6,Boyne,LEBOWAGOMO (TOTAL) 0728,,MAR401,Mars Bars 24x51g,315.84,1,17,
VILJOEN,0,2026-01-28,IN-431587,P2244,SPAR NORTH RAND (11691),Kgotsong Filling Station (7D),P.O. Box 6,Boyne,LEBOWAGOMO (TOTAL) 0728,,ZT107,Taki V/P Kudu Strips 20X60G,822.2,1,17,
VILJOEN,0,2026-01-28,IN-431588,P402,SPAR NORTH RAND (11691),PLOT14 PALMIETFONTEIN,POLOKWANE,,PLOT 14 PALMIETFONTEIN POLOKWANE,061 204 8841,NES001BAR,Nestle Bar One 24x21g,108.0,1,3,
VILJOEN,0,2026-01-28,IN-431589,P3962,MEATWORLD POLOKWANE (PTY)LTD 30D CURRENT,THE GREENERY,54 OOST STR,POLOKWANE,THE GREENERY 54 OOST STREET POLOKWANE,072 221 8418,LOL10217,Lolilu Dream Berries 24x75g,218.4,1,1,
VILJOEN,0,2026-01-28,IN-431589,P3962,MEATWORLD POLOKWANE (PTY)LTD 30D CURRENT,THE GREENERY,54 OOST STR,POLOKWANE,THE GREENERY 54 OOST STREET POLOKWANE,072 221 8418,LOL11054,Lolilu Spiralz Original 24x75g,244.33,1,1,
VILJOEN,0,2026-01-28,IN-431589,P3962,MEATWORLD POLOKWANE (PTY)LTD 30D CURRENT,THE GREENERY,54 OOST STR,POLOKWANE,THE GREENERY 54 OOST STREET POLOKWANE,072 221 8418,LOL11276,Lolilu Wands Original 24x75g,229.93,1,1,
VILJOEN,0,2026-01-28,IN-431590,P3560,INZUBEX PTY LTD (7 DAYS EFT ),PO BOX 145,THORNHILL BENDOR,POLOKWANE,CNR R37 ROAD AND BOTHAS HOEK BURGERSFORT,015 298 8531,ZT200,Taki S/P Stokkies 20X40G,545.7,1,17,
VILJOEN,0,2026-01-28,IN-431590,P3560,INZUBEX PTY LTD (7 DAYS EFT ),PO BOX 145,THORNHILL BENDOR,POLOKWANE,CNR R37 ROAD AND BOTHAS HOEK BURGERSFORT,015 298 8531,ZT201,Taki S/P Stokkies Chilli 20X40G,545.7,1,17,
VILJOEN,0,2026-01-28,IN-431591,P2249,TABOO TRADING PTY LTD t/aTHE FARMYARD,FILLING STATION (14 D - I),P.O Box  251,"Ladanna,Polokwane","1 School Road, Bendor Next to Mall of the North Polokwane 0699",015 296 1315,DRA002,Dragon Energy Drinks 24x500ml,200.0,2,3,
VILJOEN,0,2026-01-28,IN-431591,P2249,TABOO TRADING PTY LTD t/aTHE FARMYARD,FILLING STATION (14 D - I),P.O Box  251,"Ladanna,Polokwane","1 School Road, Bendor Next to Mall of the North Polokwane 0699",015 296 1315,FRIM031,Frimax Prawn Bites 12x125g,229.56,1,3,
VILJOEN,0,2026-01-28,IN-431591,P2249,TABOO TRADING PTY LTD t/aTHE FARMYARD,FILLING STATION (14 D - I),P.O Box  251,"Ladanna,Polokwane","1 School Road, Bendor Next to Mall of the North Polokwane 0699",015 296 1315,GO-WB5,W/Berg Still 1x5lt each,15.22,20,3,
VILJOEN,0,2026-01-28,IN-431591,P2249,TABOO TRADING PTY LTD t/aTHE FARMYARD,FILLING STATION (14 D - I),P.O Box  251,"Ladanna,Polokwane","1 School Road, Bendor Next to Mall of the North Polokwane 0699",015 296 1315,MA010,Mageu  Banana  10x1lt,148.23,1,3,
VILJOEN,0,2026-01-28,IN-431591,P2249,TABOO TRADING PTY LTD t/aTHE FARMYARD,FILLING STATION (14 D - I),P.O Box  251,"Ladanna,Polokwane","1 School Road, Bendor Next to Mall of the North Polokwane 0699",015 296 1315,MA013,Mageu  Mabele 10x1lt,148.23,1,3,
VILJOEN,0,2026-01-28,IN-431591,P2249,TABOO TRADING PTY LTD t/aTHE FARMYARD,FILLING STATION (14 D - I),P.O Box  251,"Ladanna,Polokwane","1 School Road, Bendor Next to Mall of the North Polokwane 0699",015 296 1315,QU601,aQuelle Litchi 6x500ml,42.0,2,3,
VILJOEN,0,2026-01-28,IN-431591,P2249,TABOO TRADING PTY LTD t/aTHE FARMYARD,FILLING STATION (14 D - I),P.O Box  251,"Ladanna,Polokwane","1 School Road, Bendor Next to Mall of the North Polokwane 0699",015 296 1315,QU602,aQuelle Naartjie 6x500ml,42.0,2,3,
VILJOEN,0,2026-01-28,IN-431591,P2249,TABOO TRADING PTY LTD t/aTHE FARMYARD,FILLING STATION (14 D - I),P.O Box  251,"Ladanna,Polokwane","1 School Road, Bendor Next to Mall of the North Polokwane 0699",015 296 1315,QU603,aQuelle Strawberry 6x500ml,42.0,2,3,
VILJOEN,0,2026-01-28,IN-431591,P2249,TABOO TRADING PTY LTD t/aTHE FARMYARD,FILLING STATION (14 D - I),P.O Box  251,"Ladanna,Polokwane","1 School Road, Bendor Next to Mall of the North Polokwane 0699",015 296 1315,QU604,aQuelle Lemon 6x500ml,42.0,2,3,
VILJOEN,0,2026-01-28,IN-431591,P2249,TABOO TRADING PTY LTD t/aTHE FARMYARD,FILLING STATION (14 D - I),P.O Box  251,"Ladanna,Polokwane","1 School Road, Bendor Next to Mall of the North Polokwane 0699",015 296 1315,QU605,aQuelle Granadilla 6x500ml,42.0,2,3,
VILJOEN,0,2026-01-28,IN-431591,P2249,TABOO TRADING PTY LTD t/aTHE FARMYARD,FILLING STATION (14 D - I),P.O Box  251,"Ladanna,Polokwane","1 School Road, Bendor Next to Mall of the North Polokwane 0699",015 296 1315,QU606,aQuelle Pineapple 6x500ml,42.0,2,3,
VILJOEN,0,2026-01-28,IN-431591,P2249,TABOO TRADING PTY LTD t/aTHE FARMYARD,FILLING STATION (14 D - I),P.O Box  251,"Ladanna,Polokwane","1 School Road, Bendor Next to Mall of the North Polokwane 0699",015 296 1315,QU607,aQuelle Marula 6x500ml,42.0,2,3,
VILJOEN,0,2026-01-28,IN-431591,P2249,TABOO TRADING PTY LTD t/aTHE FARMYARD,FILLING STATION (14 D - I),P.O Box  251,"Ladanna,Polokwane","1 School Road, Bendor Next to Mall of the North Polokwane 0699",015 296 1315,QU608,aQuelle Watermelon 6x500ml,42.0,2,3,
VILJOEN,0,2026-01-28,IN-431591,P2249,TABOO TRADING PTY LTD t/aTHE FARMYARD,FILLING STATION (14 D - I),P.O Box  251,"Ladanna,Polokwane","1 School Road, Bendor Next to Mall of the North Polokwane 0699",015 296 1315,QU609,aQuelle Honey Melon 6x500ml,42.0,2,3,
VILJOEN,0,2026-01-28,IN-431591,P2249,TABOO TRADING PTY LTD t/aTHE FARMYARD,FILLING STATION (14 D - I),P.O Box  251,"Ladanna,Polokwane","1 School Road, Bendor Next to Mall of the North Polokwane 0699",015 296 1315,QU610,aQuelle Apple 6x500ml,42.0,2,3,
VILJOEN,0,2026-01-28,IN-431591,P2249,TABOO TRADING PTY LTD t/aTHE FARMYARD,FILLING STATION (14 D - I),P.O Box  251,"Ladanna,Polokwane","1 School Road, Bendor Next to Mall of the North Polokwane 0699",015 296 1315,QU702,aQuelle Naartjie 6x1.5lt,79.8,1,3,
VILJOEN,0,2026-01-28,IN-431591,P2249,TABOO TRADING PTY LTD t/aTHE FARMYARD,FILLING STATION (14 D - I),P.O Box  251,"Ladanna,Polokwane","1 School Road, Bendor Next to Mall of the North Polokwane 0699",015 296 1315,QU703,aQuelle Strawberry 6x1.5lt,79.8,1,3,
VILJOEN,0,2026-01-28,IN-431591,P2249,TABOO TRADING PTY LTD t/aTHE FARMYARD,FILLING STATION (14 D - I),P.O Box  251,"Ladanna,Polokwane","1 School Road, Bendor Next to Mall of the North Polokwane 0699",015 296 1315,QU705,aQuelle Granadilla 6x1.5lt,79.8,1,3,
VILJOEN,0,2026-01-28,IN-431591,P2249,TABOO TRADING PTY LTD t/aTHE FARMYARD,FILLING STATION (14 D - I),P.O Box  251,"Ladanna,Polokwane","1 School Road, Bendor Next to Mall of the North Polokwane 0699",015 296 1315,QU706,aQuelle Pineapple 6x1.5lt,79.8,1,3,
VILJOEN,0,2026-01-28,IN-431591,P2249,TABOO TRADING PTY LTD t/aTHE FARMYARD,FILLING STATION (14 D - I),P.O Box  251,"Ladanna,Polokwane","1 School Road, Bendor Next to Mall of the North Polokwane 0699",015 296 1315,QU708,aQuelle Watermelon 6x1.5lt,79.8,1,3,
VILJOEN,0,2026-01-28,IN-431591,P2249,TABOO TRADING PTY LTD t/aTHE FARMYARD,FILLING STATION (14 D - I),P.O Box  251,"Ladanna,Polokwane","1 School Road, Bendor Next to Mall of the North Polokwane 0699",015 296 1315,SQ202,SQ D/Thick 12x300ml Strawberry,134.78,1,3,
VILJOEN,0,2026-01-28,IN-431591,P2249,TABOO TRADING PTY LTD t/aTHE FARMYARD,FILLING STATION (14 D - I),P.O Box  251,"Ladanna,Polokwane","1 School Road, Bendor Next to Mall of the North Polokwane 0699",015 296 1315,SWI001,Switch Original 24x500ml,184.35,1,3,
VILJOEN,0,2026-01-28,IN-431591,P2249,TABOO TRADING PTY LTD t/aTHE FARMYARD,FILLING STATION (14 D - I),P.O Box  251,"Ladanna,Polokwane","1 School Road, Bendor Next to Mall of the North Polokwane 0699",015 296 1315,SWI007,Switch Cranberry/Cherry 24x500ml,184.35,1,3,
VILJOEN,0,2026-01-28,IN-431591,P2249,TABOO TRADING PTY LTD t/aTHE FARMYARD,FILLING STATION (14 D - I),P.O Box  251,"Ladanna,Polokwane","1 School Road, Bendor Next to Mall of the North Polokwane 0699",015 296 1315,SWI008,Switch Bok Green Citrus Pine 24x500ml,184.35,1,3,
VILJOEN,0,2026-01-28,IN-431591,P2249,TABOO TRADING PTY LTD t/aTHE FARMYARD,FILLING STATION (14 D - I),P.O Box  251,"Ladanna,Polokwane","1 School Road, Bendor Next to Mall of the North Polokwane 0699",015 296 1315,SWI013,Switch Org B/gum 24x500ml,184.35,1,3,
VILJOEN,0,2026-01-28,IN-431591,P2249,TABOO TRADING PTY LTD t/aTHE FARMYARD,FILLING STATION (14 D - I),P.O Box  251,"Ladanna,Polokwane","1 School Road, Bendor Next to Mall of the North Polokwane 0699",015 296 1315,SWI019,Switch Mango Peach 24x500ml,184.35,1,3,
VILJOEN,0,2026-01-28,IN-431591,P2249,TABOO TRADING PTY LTD t/aTHE FARMYARD,FILLING STATION (14 D - I),P.O Box  251,"Ladanna,Polokwane","1 School Road, Bendor Next to Mall of the North Polokwane 0699",015 296 1315,SWI022,Switch Jelly Babies 24x500ml,184.35,1,3,
VILJOEN,0,2026-01-28,IN-431591,P2249,TABOO TRADING PTY LTD t/aTHE FARMYARD,FILLING STATION (14 D - I),P.O Box  251,"Ladanna,Polokwane","1 School Road, Bendor Next to Mall of the North Polokwane 0699",015 296 1315,SWI023,Switch Dry Lemon 24x500ml,184.35,1,3,
VILJOEN,0,2026-01-28,IN-431591,P2249,TABOO TRADING PTY LTD t/aTHE FARMYARD,FILLING STATION (14 D - I),P.O Box  251,"Ladanna,Polokwane","1 School Road, Bendor Next to Mall of the North Polokwane 0699",015 296 1315,SWI033,Switch Kiwi/Mango/Straw 24x500ml,184.35,1,3,
VILJOEN,0,2026-01-28,IN-431591,P2249,TABOO TRADING PTY LTD t/aTHE FARMYARD,FILLING STATION (14 D - I),P.O Box  251,"Ladanna,Polokwane","1 School Road, Bendor Next to Mall of the North Polokwane 0699",015 296 1315,SWI035,Switch Grana/Cheesecake 24x500ml,184.35,1,3,
VILJOEN,0,2026-01-28,IN-431591,P2249,TABOO TRADING PTY LTD t/aTHE FARMYARD,FILLING STATION (14 D - I),P.O Box  251,"Ladanna,Polokwane","1 School Road, Bendor Next to Mall of the North Polokwane 0699",015 296 1315,SWI039,Switch Tropical 24x500ml,184.35,1,3,
VILJOEN,0,2026-01-28,IN-431591,P2249,TABOO TRADING PTY LTD t/aTHE FARMYARD,FILLING STATION (14 D - I),P.O Box  251,"Ladanna,Polokwane","1 School Road, Bendor Next to Mall of the North Polokwane 0699",015 296 1315,SWI051,Switch Vita C Rooibos & Honey 24x500ml,184.35,1,3,
VILJOEN,0,2026-01-28,IN-431591,P2249,TABOO TRADING PTY LTD t/aTHE FARMYARD,FILLING STATION (14 D - I),P.O Box  251,"Ladanna,Polokwane","1 School Road, Bendor Next to Mall of the North Polokwane 0699",015 296 1315,SWI052,Switch Vita C Matcha Green Tea & Lemon 24x500ml,184.35,1,3,
VILJOEN,0,2026-01-28,IN-431591,P2249,TABOO TRADING PTY LTD t/aTHE FARMYARD,FILLING STATION (14 D - I),P.O Box  251,"Ladanna,Polokwane","1 School Road, Bendor Next to Mall of the North Polokwane 0699",015 296 1315,SWI056,Switch Pineapple Mango & Cherry 24x500ml,184.35,1,3,
VILJOEN,0,2026-01-28,IN-431591,P2249,TABOO TRADING PTY LTD t/aTHE FARMYARD,FILLING STATION (14 D - I),P.O Box  251,"Ladanna,Polokwane","1 School Road, Bendor Next to Mall of the North Polokwane 0699",015 296 1315,SWI057,Switch Watermelon/Straw & Pear 24x500ml,184.35,1,3,
VILJOEN,0,2026-01-28,IN-431591,P2249,TABOO TRADING PTY LTD t/aTHE FARMYARD,FILLING STATION (14 D - I),P.O Box  251,"Ladanna,Polokwane","1 School Road, Bendor Next to Mall of the North Polokwane 0699",015 296 1315,SWI069,Switch Holi Pop Orange 24X500ML,184.34,1,3,
VILJOEN,0,2026-01-28,IN-431591,P2249,TABOO TRADING PTY LTD t/aTHE FARMYARD,FILLING STATION (14 D - I),P.O Box  251,"Ladanna,Polokwane","1 School Road, Bendor Next to Mall of the North Polokwane 0699",015 296 1315,TA150,Take 5 Orange 100% 6x1.5lt,243.83,1,3,
VILJOEN,0,2026-01-28,IN-431591,P2249,TABOO TRADING PTY LTD t/aTHE FARMYARD,FILLING STATION (14 D - I),P.O Box  251,"Ladanna,Polokwane","1 School Road, Bendor Next to Mall of the North Polokwane 0699",015 296 1315,TA152,Take 5 Fruit Cocktail 100% 6x1.5lt,243.83,1,3,
VILJOEN,0,2026-01-28,IN-431591,P2249,TABOO TRADING PTY LTD t/aTHE FARMYARD,FILLING STATION (14 D - I),P.O Box  251,"Ladanna,Polokwane","1 School Road, Bendor Next to Mall of the North Polokwane 0699",015 296 1315,TA156,Take 5  Cranberry 100% 6x1.5lt,243.83,1,3,
VILJOEN,0,2026-01-28,IN-431591,P2249,TABOO TRADING PTY LTD t/aTHE FARMYARD,FILLING STATION (14 D - I),P.O Box  251,"Ladanna,Polokwane","1 School Road, Bendor Next to Mall of the North Polokwane 0699",015 296 1315,TA506,Take 5 Cranberry 100% 10x500ml,174.48,1,3,
VILJOEN,0,2026-01-28,IN-431591,P2249,TABOO TRADING PTY LTD t/aTHE FARMYARD,FILLING STATION (14 D - I),P.O Box  251,"Ladanna,Polokwane","1 School Road, Bendor Next to Mall of the North Polokwane 0699",015 296 1315,TA509,Take 5 Fruit&Veg 100% 10x500ml,174.48,1,3,
VILJOEN,0,2026-01-28,IN-431591,P2249,TABOO TRADING PTY LTD t/aTHE FARMYARD,FILLING STATION (14 D - I),P.O Box  251,"Ladanna,Polokwane","1 School Road, Bendor Next to Mall of the North Polokwane 0699",015 296 1315,W006,W/B Still  1x10lt,29.13,30,3,
VILJOEN,0,2026-01-28,IN-431591,P2249,TABOO TRADING PTY LTD t/aTHE FARMYARD,FILLING STATION (14 D - I),P.O Box  251,"Ladanna,Polokwane","1 School Road, Bendor Next to Mall of the North Polokwane 0699",015 296 1315,WBNEW1.5L,"W/B Spring Water Still 12x1,5L",86.96,13,3,
VILJOEN,0,2026-01-28,IN-431592,P160,ENGEN Q TEMBA FILLING STATION  (7 D - I),P.O. Box 1100,Steelpoort,1133,Dirk Winterbach Street  Burgersfort 1150,013 231 7566,AIR201,W/R Gum Airwave Men/Euc 30,295.2,2,17,
VILJOEN,0,2026-01-28,IN-431592,P160,ENGEN Q TEMBA FILLING STATION  (7 D - I),P.O. Box 1100,Steelpoort,1133,Dirk Winterbach Street  Burgersfort 1150,013 231 7566,AIR203,W/R Gum Airwave  B/current 30,295.2,2,17,
VILJOEN,0,2026-01-28,IN-431592,P160,ENGEN Q TEMBA FILLING STATION  (7 D - I),P.O. Box 1100,Steelpoort,1133,Dirk Winterbach Street  Burgersfort 1150,013 231 7566,AIR206,W/R Gum Airwaves B/Mint 30,295.2,2,17,
VILJOEN,0,2026-01-28,IN-431592,P160,ENGEN Q TEMBA FILLING STATION  (7 D - I),P.O. Box 1100,Steelpoort,1133,Dirk Winterbach Street  Burgersfort 1150,013 231 7566,B8530,Wilson XXX Lozengers Mint 48x31.2g,187.38,1,17,
VILJOEN,0,2026-01-28,IN-431592,P160,ENGEN Q TEMBA FILLING STATION  (7 D - I),P.O. Box 1100,Steelpoort,1133,Dirk Winterbach Street  Burgersfort 1150,013 231 7566,B8531,Wilson XXX Lozengers Musk 48x31.2g,187.38,1,17,
VILJOEN,0,2026-01-28,IN-431592,P160,ENGEN Q TEMBA FILLING STATION  (7 D - I),P.O. Box 1100,Steelpoort,1133,Dirk Winterbach Street  Burgersfort 1150,013 231 7566,C306877,Cadbury Lunch Bar Caramilk 40x44g,452.84,2,17,
VILJOEN,0,2026-01-28,IN-431592,P160,ENGEN Q TEMBA FILLING STATION  (7 D - I),P.O. Box 1100,Steelpoort,1133,Dirk Winterbach Street  Burgersfort 1150,013 231 7566,C672215,Stimorol Infinity Mint 1x12,202.61,2,17,
VILJOEN,0,2026-01-28,IN-431592,P160,ENGEN Q TEMBA FILLING STATION  (7 D - I),P.O. Box 1100,Steelpoort,1133,Dirk Winterbach Street  Burgersfort 1150,013 231 7566,ORB176,Wrigley OTC Orbit Prof White 30,230.58,2,17,
VILJOEN,0,2026-01-28,IN-431592,P160,ENGEN Q TEMBA FILLING STATION  (7 D - I),P.O. Box 1100,Steelpoort,1133,Dirk Winterbach Street  Burgersfort 1150,013 231 7566,ORB190,Wrigley Orbit Trop SXC 6x30Piece,231.78,1,17,
VILJOEN,0,2026-01-28,IN-431592,P160,ENGEN Q TEMBA FILLING STATION  (7 D - I),P.O. Box 1100,Steelpoort,1133,Dirk Winterbach Street  Burgersfort 1150,013 231 7566,ORB191,Wrigley Orbit Bubblemint SXC 6x30Piece,231.78,1,17,
VILJOEN,0,2026-01-28,IN-431592,P160,ENGEN Q TEMBA FILLING STATION  (7 D - I),P.O. Box 1100,Steelpoort,1133,Dirk Winterbach Street  Burgersfort 1150,013 231 7566,ORB192,Wrigley Orbit Peppermint SXC 6x30Piece,231.78,1,17,
VILJOEN,0,2026-01-28,IN-431593,P2249,TABOO TRADING PTY LTD t/aTHE FARMYARD,FILLING STATION (14 D - I),P.O Box  251,"Ladanna,Polokwane","1 School Road, Bendor Next to Mall of the North Polokwane 0699",015 296 1315,B012863,Maynards Mini Teddies Disp. 24x60g NEW,258.13,1,3,
VILJOEN,0,2026-01-28,IN-431593,P2249,TABOO TRADING PTY LTD t/aTHE FARMYARD,FILLING STATION (14 D - I),P.O Box  251,"Ladanna,Polokwane","1 School Road, Bendor Next to Mall of the North Polokwane 0699",015 296 1315,B012872,Maynards Jelly Jerseys 24x60G NEW,258.13,1,3,
VILJOEN,0,2026-01-28,IN-431593,P2249,TABOO TRADING PTY LTD t/aTHE FARMYARD,FILLING STATION (14 D - I),P.O Box  251,"Ladanna,Polokwane","1 School Road, Bendor Next to Mall of the North Polokwane 0699",015 296 1315,B012878,Maynards Wine Gum Duo's 24x60G NEW,258.13,1,3,
VILJOEN,0,2026-01-28,IN-431593,P2249,TABOO TRADING PTY LTD t/aTHE FARMYARD,FILLING STATION (14 D - I),P.O Box  251,"Ladanna,Polokwane","1 School Road, Bendor Next to Mall of the North Polokwane 0699",015 296 1315,B2616,Beacon Nosh Bar 40's,398.96,1,3,
VILJOEN,0,2026-01-28,IN-431593,P2249,TABOO TRADING PTY LTD t/aTHE FARMYARD,FILLING STATION (14 D - I),P.O Box  251,"Ladanna,Polokwane","1 School Road, Bendor Next to Mall of the North Polokwane 0699",015 296 1315,NESKKTABDC,Nestle KK Tablet Double Choc 15x99g,449.77,1,3,
VILJOEN,0,2026-01-28,IN-431593,P2249,TABOO TRADING PTY LTD t/aTHE FARMYARD,FILLING STATION (14 D - I),P.O Box  251,"Ladanna,Polokwane","1 School Road, Bendor Next to Mall of the North Polokwane 0699",015 296 1315,NESKKTABSC,Nestle KK Tablet Salted Caramel 15x99g,449.77,1,3,
VILJOEN,0,2026-01-28,IN-431594,P516,VLEISLAPA S/HUIS BK GROBLER 7.5%(30DI)**,Groblerstraat,Polokwane,0699,Groblerstraat  Polokwane 0699,015 291 1301,GO-WB5,W/Berg Still 1x5lt each,15.22,8,3,
VILJOEN,0,2026-01-28,IN-431594,P516,VLEISLAPA S/HUIS BK GROBLER 7.5%(30DI)**,Groblerstraat,Polokwane,0699,Groblerstraat  Polokwane 0699,015 291 1301,P860501,Pepsi Cola 12x330ml,71.0,1,3,
VILJOEN,0,2026-01-28,IN-431594,P516,VLEISLAPA S/HUIS BK GROBLER 7.5%(30DI)**,Groblerstraat,Polokwane,0699,Groblerstraat  Polokwane 0699,015 291 1301,P860502,Pepsi Max Zero Sugar12x330ml,71.0,1,3,
VILJOEN,0,2026-01-28,IN-431594,P516,VLEISLAPA S/HUIS BK GROBLER 7.5%(30DI)**,Groblerstraat,Polokwane,0699,Groblerstraat  Polokwane 0699,015 291 1301,P861302,Pepsi Max Pet 12x500ml,109.0,1,3,
VILJOEN,0,2026-01-28,IN-431594,P516,VLEISLAPA S/HUIS BK GROBLER 7.5%(30DI)**,Groblerstraat,Polokwane,0699,Groblerstraat  Polokwane 0699,015 291 1301,SWI001,Switch Original 24x500ml,184.35,1,3,
VILJOEN,0,2026-01-28,IN-431594,P516,VLEISLAPA S/HUIS BK GROBLER 7.5%(30DI)**,Groblerstraat,Polokwane,0699,Groblerstraat  Polokwane 0699,015 291 1301,SWI008,Switch Bok Green Citrus Pine 24x500ml,184.35,1,3,
VILJOEN,0,2026-01-28,IN-431594,P516,VLEISLAPA S/HUIS BK GROBLER 7.5%(30DI)**,Groblerstraat,Polokwane,0699,Groblerstraat  Polokwane 0699,015 291 1301,SWI012,Switch G/Fruit Naartjie VIT C 24x500ml,184.35,1,3,
VILJOEN,0,2026-01-28,IN-431594,P516,VLEISLAPA S/HUIS BK GROBLER 7.5%(30DI)**,Groblerstraat,Polokwane,0699,Groblerstraat  Polokwane 0699,015 291 1301,SWI023,Switch Dry Lemon 24x500ml,184.35,1,3,
VILJOEN,0,2026-01-28,IN-431595,P3560,INZUBEX PTY LTD (7 DAYS EFT ),PO BOX 145,THORNHILL BENDOR,POLOKWANE,CNR R37 ROAD AND BOTHAS HOEK BURGERSFORT,015 298 8531,MA001,Mageu  Banana 10x500ml,114.76,1,17,
VILJOEN,0,2026-01-28,IN-431595,P3560,INZUBEX PTY LTD (7 DAYS EFT ),PO BOX 145,THORNHILL BENDOR,POLOKWANE,CNR R37 ROAD AND BOTHAS HOEK BURGERSFORT,015 298 8531,MA004,Mageu  Mabele  10x500ml,114.76,1,17,
VILJOEN,0,2026-01-28,IN-431595,P3560,INZUBEX PTY LTD (7 DAYS EFT ),PO BOX 145,THORNHILL BENDOR,POLOKWANE,CNR R37 ROAD AND BOTHAS HOEK BURGERSFORT,015 298 8531,SJ202,Snack a Juice C/Tail S/C 100% 24x500ml,354.24,1,17,
VILJOEN,0,2026-01-28,IN-431595,P3560,INZUBEX PTY LTD (7 DAYS EFT ),PO BOX 145,THORNHILL BENDOR,POLOKWANE,CNR R37 ROAD AND BOTHAS HOEK BURGERSFORT,015 298 8531,WBNEW1.5L,"W/B Spring Water Still 12x1,5L",113.04,5,17,
VILJOEN,0,2026-01-28,IN-431596,P2496,SPAR NORTH RAND (11691),TOM NUADE H/SKOOL,226 POTGIETER AVE,POLOKWANE,"TOM NAUDE H/SKOOL 266 Potgieter Avenue, Eduanpark Polokwane 0759",,QU601,aQuelle Litchi 6x500ml,42.0,8,2,
VILJOEN,0,2026-01-28,IN-431596,P2496,SPAR NORTH RAND (11691),TOM NUADE H/SKOOL,226 POTGIETER AVE,POLOKWANE,"TOM NAUDE H/SKOOL 266 Potgieter Avenue, Eduanpark Polokwane 0759",,QU602,aQuelle Naartjie 6x500ml,42.0,4,2,
VILJOEN,0,2026-01-28,IN-431596,P2496,SPAR NORTH RAND (11691),TOM NUADE H/SKOOL,226 POTGIETER AVE,POLOKWANE,"TOM NAUDE H/SKOOL 266 Potgieter Avenue, Eduanpark Polokwane 0759",,QU603,aQuelle Strawberry 6x500ml,42.0,6,2,
VILJOEN,0,2026-01-28,IN-431596,P2496,SPAR NORTH RAND (11691),TOM NUADE H/SKOOL,226 POTGIETER AVE,POLOKWANE,"TOM NAUDE H/SKOOL 266 Potgieter Avenue, Eduanpark Polokwane 0759",,QU605,aQuelle Granadilla 6x500ml,42.0,6,2,
VILJOEN,0,2026-01-28,IN-431596,P2496,SPAR NORTH RAND (11691),TOM NUADE H/SKOOL,226 POTGIETER AVE,POLOKWANE,"TOM NAUDE H/SKOOL 266 Potgieter Avenue, Eduanpark Polokwane 0759",,QU609,aQuelle Honey Melon 6x500ml,42.0,6,2,
VILJOEN,0,2026-01-28,IN-431596,P2496,SPAR NORTH RAND (11691),TOM NUADE H/SKOOL,226 POTGIETER AVE,POLOKWANE,"TOM NAUDE H/SKOOL 266 Potgieter Avenue, Eduanpark Polokwane 0759",,QU610,aQuelle Apple 6x500ml,42.0,4,2,
VILJOEN,0,2026-01-28,IN-431596,P2496,SPAR NORTH RAND (11691),TOM NUADE H/SKOOL,226 POTGIETER AVE,POLOKWANE,"TOM NAUDE H/SKOOL 266 Potgieter Avenue, Eduanpark Polokwane 0759",,SWI012,Switch G/Fruit Naartjie VIT C 24x500ml,184.35,3,2,
VILJOEN,0,2026-01-28,IN-431596,P2496,SPAR NORTH RAND (11691),TOM NUADE H/SKOOL,226 POTGIETER AVE,POLOKWANE,"TOM NAUDE H/SKOOL 266 Potgieter Avenue, Eduanpark Polokwane 0759",,SWI017,Switch Vit C Orange  24x500ml,184.35,2,2,
VILJOEN,0,2026-01-28,IN-431596,P2496,SPAR NORTH RAND (11691),TOM NUADE H/SKOOL,226 POTGIETER AVE,POLOKWANE,"TOM NAUDE H/SKOOL 266 Potgieter Avenue, Eduanpark Polokwane 0759",,SWI046,Switch Vita C Blueberry/Rasberry 24x500ml,184.35,2,2,
VILJOEN,0,2026-01-28,IN-431596,P2496,SPAR NORTH RAND (11691),TOM NUADE H/SKOOL,226 POTGIETER AVE,POLOKWANE,"TOM NAUDE H/SKOOL 266 Potgieter Avenue, Eduanpark Polokwane 0759",,WBNEW500,W/B Spring Water Still 24x500ml,101.34,13,2,
VILJOEN,0,2026-01-28,IN-431596,P2496,SPAR NORTH RAND (11691),TOM NUADE H/SKOOL,226 POTGIETER AVE,POLOKWANE,"TOM NAUDE H/SKOOL 266 Potgieter Avenue, Eduanpark Polokwane 0759",,WBNEW750,W/B Spring Water Still 12x750ml,76.59,13,2,
VILJOEN,0,2026-01-28,IN-431597,P2249,TABOO TRADING PTY LTD t/aTHE FARMYARD,FILLING STATION (14 D - I),P.O Box  251,"Ladanna,Polokwane","1 School Road, Bendor Next to Mall of the North Polokwane 0699",015 296 1315,WBNEW1.5L,"W/B Spring Water Still 12x1,5L",113.04,1,3,
VILJOEN,0,2026-01-28,IN-431597,P2249,TABOO TRADING PTY LTD t/aTHE FARMYARD,FILLING STATION (14 D - I),P.O Box  251,"Ladanna,Polokwane","1 School Road, Bendor Next to Mall of the North Polokwane 0699",015 296 1315,WBNEW500,W/B Spring Water Still 24x500ml,131.74,1,3,
VILJOEN,0,2026-01-28,IN-431598,P2249,TABOO TRADING PTY LTD t/aTHE FARMYARD,FILLING STATION (14 D - I),P.O Box  251,"Ladanna,Polokwane","1 School Road, Bendor Next to Mall of the North Polokwane 0699",015 296 1315,SQ001,Squeeze-Mee Chocolate 40x130ml,298.7,1,3,
VILJOEN,0,2026-01-28,IN-431598,P2249,TABOO TRADING PTY LTD t/aTHE FARMYARD,FILLING STATION (14 D - I),P.O Box  251,"Ladanna,Polokwane","1 School Road, Bendor Next to Mall of the North Polokwane 0699",015 296 1315,SQ002,Squeeze-Mee Strawberry 40x130ml,298.7,1,3,
VILJOEN,0,2026-01-28,IN-431598,P2249,TABOO TRADING PTY LTD t/aTHE FARMYARD,FILLING STATION (14 D - I),P.O Box  251,"Ladanna,Polokwane","1 School Road, Bendor Next to Mall of the North Polokwane 0699",015 296 1315,SQ003,Squeeze-Mee Bubblegum 40x130ml,298.7,1,3,
VILJOEN,0,2026-01-28,IN-431599,P402,SPAR NORTH RAND (11691),PLOT14 PALMIETFONTEIN,POLOKWANE,,PLOT 14 PALMIETFONTEIN POLOKWANE,061 204 8841,MA013,Mageu  Mabele 10x1lt,148.23,1,3,
VILJOEN,0,2026-01-28,IN-431599,P402,SPAR NORTH RAND (11691),PLOT14 PALMIETFONTEIN,POLOKWANE,,PLOT 14 PALMIETFONTEIN POLOKWANE,061 204 8841,SJ201,Snack a Juice Org S/C 100% 24x500ml,354.24,1,3,
VILJOEN,0,2026-01-28,IN-431599,P402,SPAR NORTH RAND (11691),PLOT14 PALMIETFONTEIN,POLOKWANE,,PLOT 14 PALMIETFONTEIN POLOKWANE,061 204 8841,SJ202,Snack a Juice C/Tail S/C 100% 24x500ml,354.24,1,3,
VILJOEN,0,2026-01-28,IN-431599,P402,SPAR NORTH RAND (11691),PLOT14 PALMIETFONTEIN,POLOKWANE,,PLOT 14 PALMIETFONTEIN POLOKWANE,061 204 8841,SJ204,Snack a Juice App S/C 100% 24x500ml,354.24,1,3,
VILJOEN,0,2026-01-28,IN-431599,P402,SPAR NORTH RAND (11691),PLOT14 PALMIETFONTEIN,POLOKWANE,,PLOT 14 PALMIETFONTEIN POLOKWANE,061 204 8841,SJ205,Snack a Juice Guava S/C 20% 24x500ml,354.24,1,3,
VILJOEN,0,2026-01-28,IN-431599,P402,SPAR NORTH RAND (11691),PLOT14 PALMIETFONTEIN,POLOKWANE,,PLOT 14 PALMIETFONTEIN POLOKWANE,061 204 8841,SJ209,Snack a Juice Breakfast Punch 100% 24x500ml,354.24,1,3,
VILJOEN,0,2026-01-28,IN-431599,P402,SPAR NORTH RAND (11691),PLOT14 PALMIETFONTEIN,POLOKWANE,,PLOT 14 PALMIETFONTEIN POLOKWANE,061 204 8841,WBNEW1.5L,"W/B Spring Water Still 12x1,5L",86.96,26,3,
VILJOEN,0,2026-01-28,IN-431599,P402,SPAR NORTH RAND (11691),PLOT14 PALMIETFONTEIN,POLOKWANE,,PLOT 14 PALMIETFONTEIN POLOKWANE,061 204 8841,WBNEW750,W/B Spring Water Still 12x750ml,76.59,13,3,
VILJOEN,0,2026-01-28,IN-431600,P1647,SPAR LOWVELD GROUP (602086)(30 DS - I),P.O. Box 33,Nelspruit,1200,,013 231 8156,SJ202,Snack a Juice C/Tail S/C 100% 24x500ml,363.6,1,17,
VILJOEN,0,2026-01-28,IN-431600,P1647,SPAR LOWVELD GROUP (602086)(30 DS - I),P.O. Box 33,Nelspruit,1200,,013 231 8156,SJ204,Snack a Juice App S/C 100% 24x500ml,363.6,1,17,
VILJOEN,0,2026-01-28,IN-431600,P1647,SPAR LOWVELD GROUP (602086)(30 DS - I),P.O. Box 33,Nelspruit,1200,,013 231 8156,SJ205,Snack a Juice Guava S/C 20% 24x500ml,363.6,1,17,
VILJOEN,0,2026-01-28,IN-431600,P1647,SPAR LOWVELD GROUP (602086)(30 DS - I),P.O. Box 33,Nelspruit,1200,,013 231 8156,SJ504,Snack a Juice Apple 100% 9x1.5lit,344.52,1,17,
VILJOEN,0,2026-01-28,IN-431600,P1647,SPAR LOWVELD GROUP (602086)(30 DS - I),P.O. Box 33,Nelspruit,1200,,013 231 8156,SJ506,Snack a Juice Litchi 100% 9x1.5lit,344.52,1,17,
VILJOEN,0,2026-01-28,IN-431600,P1647,SPAR LOWVELD GROUP (602086)(30 DS - I),P.O. Box 33,Nelspruit,1200,,013 231 8156,SWI001,Switch Original 24x500ml,192.17,4,17,
VILJOEN,0,2026-01-28,IN-431600,P1647,SPAR LOWVELD GROUP (602086)(30 DS - I),P.O. Box 33,Nelspruit,1200,,013 231 8156,SWI008,Switch Bok Green Citrus Pine 24x500ml,192.17,4,17,
VILJOEN,0,2026-01-28,IN-431600,P1647,SPAR LOWVELD GROUP (602086)(30 DS - I),P.O. Box 33,Nelspruit,1200,,013 231 8156,SWI012,Switch G/Fruit Naartjie VIT C 24x500ml,192.17,1,17,
VILJOEN,0,2026-01-28,IN-431600,P1647,SPAR LOWVELD GROUP (602086)(30 DS - I),P.O. Box 33,Nelspruit,1200,,013 231 8156,SWI017,Switch Vit C Orange  24x500ml,192.17,1,17,
VILJOEN,0,2026-01-28,IN-431600,P1647,SPAR LOWVELD GROUP (602086)(30 DS - I),P.O. Box 33,Nelspruit,1200,,013 231 8156,SWI022,Switch Jelly Babies 24x500ml,192.17,2,17,
VILJOEN,0,2026-01-28,IN-431600,P1647,SPAR LOWVELD GROUP (602086)(30 DS - I),P.O. Box 33,Nelspruit,1200,,013 231 8156,SWI023,Switch Dry Lemon 24x500ml,192.17,4,17,
VILJOEN,0,2026-01-28,IN-431600,P1647,SPAR LOWVELD GROUP (602086)(30 DS - I),P.O. Box 33,Nelspruit,1200,,013 231 8156,SWI039,Switch Tropical 24x500ml,192.17,2,17,
VILJOEN,0,2026-01-28,IN-431600,P1647,SPAR LOWVELD GROUP (602086)(30 DS - I),P.O. Box 33,Nelspruit,1200,,013 231 8156,SWI040,Biogen Goji Berry/Blood Orange 24x500ml,192.17,1,17,
VILJOEN,0,2026-01-28,IN-431600,P1647,SPAR LOWVELD GROUP (602086)(30 DS - I),P.O. Box 33,Nelspruit,1200,,013 231 8156,SWI041,Biogen Redcurrant/Blueberry  24x500ml,192.17,1,17,
VILJOEN,0,2026-01-28,IN-431600,P1647,SPAR LOWVELD GROUP (602086)(30 DS - I),P.O. Box 33,Nelspruit,1200,,013 231 8156,SWI047,Switch Pink Lemonade 24x500ml,192.17,2,17,
VILJOEN,0,2026-01-28,IN-431600,P1647,SPAR LOWVELD GROUP (602086)(30 DS - I),P.O. Box 33,Nelspruit,1200,,013 231 8156,WBNEW1.5L,"W/B Spring Water Still 12x1,5L",103.48,30,17,
VILJOEN,0,2026-01-28,IN-431600,P1647,SPAR LOWVELD GROUP (602086)(30 DS - I),P.O. Box 33,Nelspruit,1200,,013 231 8156,WBNEW500,W/B Spring Water Still 24x500ml,126.09,10,17,
VILJOEN,0,2026-01-28,IN-431600,P1647,SPAR LOWVELD GROUP (602086)(30 DS - I),P.O. Box 33,Nelspruit,1200,,013 231 8156,WBNEW750,W/B Spring Water Still 12x750ml,92.17,10,17,
VILJOEN,0,2026-01-28,IN-431601,P3993,SPAR NORTH RAND (11691),P.O.BOX 55690,POLOKWANE,,SHOP14 BENDOR SHOPPING CENTRE DE WET RYLAAN POLOKWANE,082 882 1244,TROPPOP40,Troppi Pops Pea/Apri 4x(10x200ml),104.35,1,3,
VILJOEN,0,2026-01-28,IN-431601,P3993,SPAR NORTH RAND (11691),P.O.BOX 55690,POLOKWANE,,SHOP14 BENDOR SHOPPING CENTRE DE WET RYLAAN POLOKWANE,082 882 1244,TROPPOP41,Troppi Pops Litchi 4x(10x200ml),104.35,1,3,
VILJOEN,0,2026-01-28,IN-431601,P3993,SPAR NORTH RAND (11691),P.O.BOX 55690,POLOKWANE,,SHOP14 BENDOR SHOPPING CENTRE DE WET RYLAAN POLOKWANE,082 882 1244,TROPPOP42,Troppi Pops Mango 4x(10x200ml),104.35,1,3,
VILJOEN,0,2026-01-28,IN-431601,P3993,SPAR NORTH RAND (11691),P.O.BOX 55690,POLOKWANE,,SHOP14 BENDOR SHOPPING CENTRE DE WET RYLAAN POLOKWANE,082 882 1244,TROPPOP43,Troppi Pops Guava 4x(10x200ml),104.35,1,3,
VILJOEN,0,2026-01-28,IN-431602,P2219,SPAR NORTH RAND (11691),P.O. Box 4018,Louis Trichardt,,Bendor Shopping Centre De Wet Drive Bendor Polokwane 0700,071 271 4222 Ricky,SQ001,Squeeze-Mee Chocolate 40x130ml,298.7,1,3,
VILJOEN,0,2026-01-28,IN-431602,P2219,SPAR NORTH RAND (11691),P.O. Box 4018,Louis Trichardt,,Bendor Shopping Centre De Wet Drive Bendor Polokwane 0700,071 271 4222 Ricky,SQ002,Squeeze-Mee Strawberry 40x130ml,298.7,1,3,
VILJOEN,0,2026-01-28,IN-431602,P2219,SPAR NORTH RAND (11691),P.O. Box 4018,Louis Trichardt,,Bendor Shopping Centre De Wet Drive Bendor Polokwane 0700,071 271 4222 Ricky,SQ003,Squeeze-Mee Bubblegum 40x130ml,298.7,1,3,
VILJOEN,0,2026-01-28,IN-431602,P2219,SPAR NORTH RAND (11691),P.O. Box 4018,Louis Trichardt,,Bendor Shopping Centre De Wet Drive Bendor Polokwane 0700,071 271 4222 Ricky,SQ004,Squeeze-Mee Vanilla 40x130ml,298.7,1,3,
VILJOEN,0,2026-01-28,IN-431602,P2219,SPAR NORTH RAND (11691),P.O. Box 4018,Louis Trichardt,,Bendor Shopping Centre De Wet Drive Bendor Polokwane 0700,071 271 4222 Ricky,SQ011,Squeeze-Mee Tof/Car 40x130ml,298.7,1,3,
VILJOEN,0,2026-01-28,IN-431602,P2219,SPAR NORTH RAND (11691),P.O. Box 4018,Louis Trichardt,,Bendor Shopping Centre De Wet Drive Bendor Polokwane 0700,071 271 4222 Ricky,TROPPOP41,Troppi Pops Litchi 4x(10x200ml),104.35,1,3,
VILJOEN,0,2026-01-28,IN-431603,P406,SPAR NORTH RAND (11691),P.O.BOX 4025,POLOKWANE,,3 ALOE VERS STREET (OFF MUNNIK AVE) POLOKWANE,082 202 4666,BR002,Energade Naartjie 24X500ML,216.63,1,3,
VILJOEN,0,2026-01-28,IN-431603,P406,SPAR NORTH RAND (11691),P.O.BOX 4025,POLOKWANE,,3 ALOE VERS STREET (OFF MUNNIK AVE) POLOKWANE,082 202 4666,BR005,Energade Grape 24X500ML,216.63,1,3,
VILJOEN,0,2026-01-28,IN-431603,P406,SPAR NORTH RAND (11691),P.O.BOX 4025,POLOKWANE,,3 ALOE VERS STREET (OFF MUNNIK AVE) POLOKWANE,082 202 4666,BR006,Energade Blue Berry 24X500ML,216.63,1,3,
VILJOEN,0,2026-01-28,IN-431603,P406,SPAR NORTH RAND (11691),P.O.BOX 4025,POLOKWANE,,3 ALOE VERS STREET (OFF MUNNIK AVE) POLOKWANE,082 202 4666,GO-WB5,W/Berg Still 1x5lt each,15.22,20,3,
VILJOEN,0,2026-01-28,IN-431603,P406,SPAR NORTH RAND (11691),P.O.BOX 4025,POLOKWANE,,3 ALOE VERS STREET (OFF MUNNIK AVE) POLOKWANE,082 202 4666,MA004,Mageu  Mabele  10x500ml,114.76,1,3,
VILJOEN,0,2026-01-28,IN-431603,P406,SPAR NORTH RAND (11691),P.O.BOX 4025,POLOKWANE,,3 ALOE VERS STREET (OFF MUNNIK AVE) POLOKWANE,082 202 4666,MA013,Mageu  Mabele 10x1lt,148.23,1,3,
VILJOEN,0,2026-01-28,IN-431603,P406,SPAR NORTH RAND (11691),P.O.BOX 4025,POLOKWANE,,3 ALOE VERS STREET (OFF MUNNIK AVE) POLOKWANE,082 202 4666,P860002,Pepsi Max Zero Sugar 6x2lt,98.0,3,3,
VILJOEN,0,2026-01-28,IN-431603,P406,SPAR NORTH RAND (11691),P.O.BOX 4025,POLOKWANE,,3 ALOE VERS STREET (OFF MUNNIK AVE) POLOKWANE,082 202 4666,P860007,Mirinda Orange 6x2lt,98.0,1,3,
VILJOEN,0,2026-01-28,IN-431603,P406,SPAR NORTH RAND (11691),P.O.BOX 4025,POLOKWANE,,3 ALOE VERS STREET (OFF MUNNIK AVE) POLOKWANE,082 202 4666,P861302,Pepsi Max Pet 12x500ml,88.32,3,3,
VILJOEN,0,2026-01-28,IN-431603,P406,SPAR NORTH RAND (11691),P.O.BOX 4025,POLOKWANE,,3 ALOE VERS STREET (OFF MUNNIK AVE) POLOKWANE,082 202 4666,P861330,Mountain Dew Pet 12x500ml,88.32,1,3,
VILJOEN,0,2026-01-28,IN-431603,P406,SPAR NORTH RAND (11691),P.O.BOX 4025,POLOKWANE,,3 ALOE VERS STREET (OFF MUNNIK AVE) POLOKWANE,082 202 4666,QU402,aQuelle Sparkling 6x1.5lt,54.6,4,3,
VILJOEN,0,2026-01-28,IN-431603,P406,SPAR NORTH RAND (11691),P.O.BOX 4025,POLOKWANE,,3 ALOE VERS STREET (OFF MUNNIK AVE) POLOKWANE,082 202 4666,SQ203,SQ D/Thick 12x300ml Bubblegum,134.78,1,3,
VILJOEN,0,2026-01-28,IN-431603,P406,SPAR NORTH RAND (11691),P.O.BOX 4025,POLOKWANE,,3 ALOE VERS STREET (OFF MUNNIK AVE) POLOKWANE,082 202 4666,WBNEW1.5L,"W/B Spring Water Still 12x1,5L",86.96,13,3,
VILJOEN,0,2026-01-28,IN-431604,P2394,SPAR NORTH RAND (11691),C/O MORRIS & DE WET DRIVE,,POLOKWANE,Bendor Inkoops Sentrum H/V de Wet & Morris Street Bendor Polokwane,072 766 5346,BAB001,Babalas Rescue 24x200ml,448.77,1,3,
VILJOEN,0,2026-01-28,IN-431604,P2394,SPAR NORTH RAND (11691),C/O MORRIS & DE WET DRIVE,,POLOKWANE,Bendor Inkoops Sentrum H/V de Wet & Morris Street Bendor Polokwane,072 766 5346,DRA002,Dragon Energy Drinks 24x500ml,200.0,2,3,
VILJOEN,0,2026-01-28,IN-431604,P2394,SPAR NORTH RAND (11691),C/O MORRIS & DE WET DRIVE,,POLOKWANE,Bendor Inkoops Sentrum H/V de Wet & Morris Street Bendor Polokwane,072 766 5346,SWI001,Switch Original 24x500ml,184.35,2,3,
VILJOEN,0,2026-01-28,IN-431604,P2394,SPAR NORTH RAND (11691),C/O MORRIS & DE WET DRIVE,,POLOKWANE,Bendor Inkoops Sentrum H/V de Wet & Morris Street Bendor Polokwane,072 766 5346,SWI017,Switch Vit C Orange  24x500ml,184.35,1,3,
VILJOEN,0,2026-01-28,IN-431604,P2394,SPAR NORTH RAND (11691),C/O MORRIS & DE WET DRIVE,,POLOKWANE,Bendor Inkoops Sentrum H/V de Wet & Morris Street Bendor Polokwane,072 766 5346,SWI023,Switch Dry Lemon 24x500ml,184.35,1,3,
VILJOEN,0,2026-01-28,IN-431604,P2394,SPAR NORTH RAND (11691),C/O MORRIS & DE WET DRIVE,,POLOKWANE,Bendor Inkoops Sentrum H/V de Wet & Morris Street Bendor Polokwane,072 766 5346,SWI047,Switch Pink Lemonade 24x500ml,184.35,1,3,
VILJOEN,0,2026-01-28,IN-431605,P3993,SPAR NORTH RAND (11691),P.O.BOX 55690,POLOKWANE,,SHOP14 BENDOR SHOPPING CENTRE DE WET RYLAAN POLOKWANE,082 882 1244,QU601,aQuelle Litchi 6x500ml,42.0,2,3,
VILJOEN,0,2026-01-28,IN-431605,P3993,SPAR NORTH RAND (11691),P.O.BOX 55690,POLOKWANE,,SHOP14 BENDOR SHOPPING CENTRE DE WET RYLAAN POLOKWANE,082 882 1244,QU602,aQuelle Naartjie 6x500ml,42.0,2,3,
VILJOEN,0,2026-01-28,IN-431605,P3993,SPAR NORTH RAND (11691),P.O.BOX 55690,POLOKWANE,,SHOP14 BENDOR SHOPPING CENTRE DE WET RYLAAN POLOKWANE,082 882 1244,QU603,aQuelle Strawberry 6x500ml,42.0,2,3,
VILJOEN,0,2026-01-28,IN-431605,P3993,SPAR NORTH RAND (11691),P.O.BOX 55690,POLOKWANE,,SHOP14 BENDOR SHOPPING CENTRE DE WET RYLAAN POLOKWANE,082 882 1244,QU604,aQuelle Lemon 6x500ml,42.0,2,3,
VILJOEN,0,2026-01-28,IN-431605,P3993,SPAR NORTH RAND (11691),P.O.BOX 55690,POLOKWANE,,SHOP14 BENDOR SHOPPING CENTRE DE WET RYLAAN POLOKWANE,082 882 1244,QU605,aQuelle Granadilla 6x500ml,42.0,2,3,
VILJOEN,0,2026-01-28,IN-431605,P3993,SPAR NORTH RAND (11691),P.O.BOX 55690,POLOKWANE,,SHOP14 BENDOR SHOPPING CENTRE DE WET RYLAAN POLOKWANE,082 882 1244,QU606,aQuelle Pineapple 6x500ml,42.0,2,3,
VILJOEN,0,2026-01-28,IN-431605,P3993,SPAR NORTH RAND (11691),P.O.BOX 55690,POLOKWANE,,SHOP14 BENDOR SHOPPING CENTRE DE WET RYLAAN POLOKWANE,082 882 1244,QU607,aQuelle Marula 6x500ml,42.0,2,3,
VILJOEN,0,2026-01-28,IN-431605,P3993,SPAR NORTH RAND (11691),P.O.BOX 55690,POLOKWANE,,SHOP14 BENDOR SHOPPING CENTRE DE WET RYLAAN POLOKWANE,082 882 1244,QU608,aQuelle Watermelon 6x500ml,42.0,2,3,
VILJOEN,0,2026-01-28,IN-431605,P3993,SPAR NORTH RAND (11691),P.O.BOX 55690,POLOKWANE,,SHOP14 BENDOR SHOPPING CENTRE DE WET RYLAAN POLOKWANE,082 882 1244,QU609,aQuelle Honey Melon 6x500ml,42.0,2,3,
VILJOEN,0,2026-01-28,IN-431605,P3993,SPAR NORTH RAND (11691),P.O.BOX 55690,POLOKWANE,,SHOP14 BENDOR SHOPPING CENTRE DE WET RYLAAN POLOKWANE,082 882 1244,SQ203,SQ D/Thick 12x300ml Bubblegum,134.78,1,3,
VILJOEN,0,2026-01-28,IN-431606,P406,SPAR NORTH RAND (11691),P.O.BOX 4025,POLOKWANE,,3 ALOE VERS STREET (OFF MUNNIK AVE) POLOKWANE,082 202 4666,AIR203,W/R Gum Airwave  B/current 30,265.68,1,3,
VILJOEN,0,2026-01-28,IN-431606,P406,SPAR NORTH RAND (11691),P.O.BOX 4025,POLOKWANE,,3 ALOE VERS STREET (OFF MUNNIK AVE) POLOKWANE,082 202 4666,B012862,Maynards Mini Jubes Disp 24x60G NEW,258.13,1,3,
VILJOEN,0,2026-01-28,IN-431606,P406,SPAR NORTH RAND (11691),P.O.BOX 4025,POLOKWANE,,3 ALOE VERS STREET (OFF MUNNIK AVE) POLOKWANE,082 202 4666,B012863,Maynards Mini Teddies Disp. 24x60g NEW,258.13,1,3,
VILJOEN,0,2026-01-28,IN-431606,P406,SPAR NORTH RAND (11691),P.O.BOX 4025,POLOKWANE,,3 ALOE VERS STREET (OFF MUNNIK AVE) POLOKWANE,082 202 4666,B012871,Maynards Orig W/Gums Disp 24x60G NEW,258.13,1,3,
VILJOEN,0,2026-01-28,IN-431606,P406,SPAR NORTH RAND (11691),P.O.BOX 4025,POLOKWANE,,3 ALOE VERS STREET (OFF MUNNIK AVE) POLOKWANE,082 202 4666,B012872,Maynards Jelly Jerseys 24x60G NEW,258.13,1,3,
VILJOEN,0,2026-01-28,IN-431606,P406,SPAR NORTH RAND (11691),P.O.BOX 4025,POLOKWANE,,3 ALOE VERS STREET (OFF MUNNIK AVE) POLOKWANE,082 202 4666,B012878,Maynards Wine Gum Duo's 24x60G NEW,258.13,1,3,
VILJOEN,0,2026-01-28,IN-431606,P406,SPAR NORTH RAND (11691),P.O.BOX 4025,POLOKWANE,,3 ALOE VERS STREET (OFF MUNNIK AVE) POLOKWANE,082 202 4666,B1957,Jungle Energy Bar Berries 30's,270.0,1,3,
VILJOEN,0,2026-01-28,IN-431606,P406,SPAR NORTH RAND (11691),P.O.BOX 4025,POLOKWANE,,3 ALOE VERS STREET (OFF MUNNIK AVE) POLOKWANE,082 202 4666,B2148,Maynards Orig W/Gums Roll 36 x 39g,286.13,1,3,
VILJOEN,0,2026-01-28,IN-431606,P406,SPAR NORTH RAND (11691),P.O.BOX 4025,POLOKWANE,,3 ALOE VERS STREET (OFF MUNNIK AVE) POLOKWANE,082 202 4666,B2151,Maynards Fruit Jelly Beans Disp. 24x60g,258.13,1,3,
VILJOEN,0,2026-01-28,IN-431606,P406,SPAR NORTH RAND (11691),P.O.BOX 4025,POLOKWANE,,3 ALOE VERS STREET (OFF MUNNIK AVE) POLOKWANE,082 202 4666,C306877,Cadbury Lunch Bar Caramilk 40x44g,452.84,1,3,
VILJOEN,0,2026-01-28,IN-431606,P406,SPAR NORTH RAND (11691),P.O.BOX 4025,POLOKWANE,,3 ALOE VERS STREET (OFF MUNNIK AVE) POLOKWANE,082 202 4666,C3642,Crunchie Large 40x40g,452.84,1,3,
VILJOEN,0,2026-01-28,IN-431606,P406,SPAR NORTH RAND (11691),P.O.BOX 4025,POLOKWANE,,3 ALOE VERS STREET (OFF MUNNIK AVE) POLOKWANE,082 202 4666,C672215,Stimorol Infinity Mint 1x12,202.61,3,3,
VILJOEN,0,2026-01-28,IN-431606,P406,SPAR NORTH RAND (11691),P.O.BOX 4025,POLOKWANE,,3 ALOE VERS STREET (OFF MUNNIK AVE) POLOKWANE,082 202 4666,MEN021,Mentos Gum Bot Curvy PF Mint (35ps) 1x6,156.0,1,3,
VILJOEN,0,2026-01-28,IN-431606,P406,SPAR NORTH RAND (11691),P.O.BOX 4025,POLOKWANE,,3 ALOE VERS STREET (OFF MUNNIK AVE) POLOKWANE,082 202 4666,MEN022,Mentos Gum Bot Curvy PF Wintergr (35ps)1x6,156.0,1,3,
VILJOEN,0,2026-01-28,IN-431606,P406,SPAR NORTH RAND (11691),P.O.BOX 4025,POLOKWANE,,3 ALOE VERS STREET (OFF MUNNIK AVE) POLOKWANE,082 202 4666,MEN023,Mentos Gum Bot Curvy Strawberry (35ps)1x6,156.0,1,3,
VILJOEN,0,2026-01-28,IN-431606,P406,SPAR NORTH RAND (11691),P.O.BOX 4025,POLOKWANE,,3 ALOE VERS STREET (OFF MUNNIK AVE) POLOKWANE,082 202 4666,MEN025,Mentos Gum Bot Curvy Bubble Fresh (35ps)1x6,156.0,1,3,
VILJOEN,0,2026-01-28,IN-431606,P406,SPAR NORTH RAND (11691),P.O.BOX 4025,POLOKWANE,,3 ALOE VERS STREET (OFF MUNNIK AVE) POLOKWANE,082 202 4666,NES001KIT,Nestle Kit Kat 4F Milk 48x41.5g,504.0,1,3,
VILJOEN,0,2026-01-28,IN-431606,P406,SPAR NORTH RAND (11691),P.O.BOX 4025,POLOKWANE,,3 ALOE VERS STREET (OFF MUNNIK AVE) POLOKWANE,082 202 4666,ORB192,Wrigley Orbit Peppermint SXC 6x30Piece,231.78,1,3,
VILJOEN,0,2026-01-28,IN-431606,P406,SPAR NORTH RAND (11691),P.O.BOX 4025,POLOKWANE,,3 ALOE VERS STREET (OFF MUNNIK AVE) POLOKWANE,082 202 4666,V24HYRAS,Vita24 Max Hydration Rasberry 1x20's,343.38,1,3,
VILJOEN,0,2026-01-28,IN-431607,P3993,SPAR NORTH RAND (11691),P.O.BOX 55690,POLOKWANE,,SHOP14 BENDOR SHOPPING CENTRE DE WET RYLAAN POLOKWANE,082 882 1244,B1499,TV Bar Milk  40x47g,398.99,1,3,
VILJOEN,0,2026-01-28,IN-431607,P3993,SPAR NORTH RAND (11691),P.O.BOX 55690,POLOKWANE,,SHOP14 BENDOR SHOPPING CENTRE DE WET RYLAAN POLOKWANE,082 882 1244,B2341,Jungle Energy Bar Milk Chocolate 30's,292.16,1,3,
VILJOEN,0,2026-01-28,IN-431607,P3993,SPAR NORTH RAND (11691),P.O.BOX 55690,POLOKWANE,,SHOP14 BENDOR SHOPPING CENTRE DE WET RYLAAN POLOKWANE,082 882 1244,MAR103,Snickers Bar Twin Pack 24x (40gx2),380.16,1,3,
VILJOEN,0,2026-01-28,IN-431607,P3993,SPAR NORTH RAND (11691),P.O.BOX 55690,POLOKWANE,,SHOP14 BENDOR SHOPPING CENTRE DE WET RYLAAN POLOKWANE,082 882 1244,MEN003,Mentos Rolls S/berry 40,312.5,1,3,
VILJOEN,0,2026-01-28,IN-431608,P2163,"SASOL S/POORT EVEN GRAND TRAD.(2,5%)(I)",P. O. Box 818,Tzaneen,0850,Main Street  Steelpoort 0850,015 230 9773 THOMAS,AIR201,W/R Gum Airwave Men/Euc 30,265.68,2,17,
VILJOEN,0,2026-01-28,IN-431608,P2163,"SASOL S/POORT EVEN GRAND TRAD.(2,5%)(I)",P. O. Box 818,Tzaneen,0850,Main Street  Steelpoort 0850,015 230 9773 THOMAS,AIR203,W/R Gum Airwave  B/current 30,265.68,2,17,
VILJOEN,0,2026-01-28,IN-431608,P2163,"SASOL S/POORT EVEN GRAND TRAD.(2,5%)(I)",P. O. Box 818,Tzaneen,0850,Main Street  Steelpoort 0850,015 230 9773 THOMAS,AIR205,W/R Gum Airwave  Cher/Men 30,265.68,2,17,
VILJOEN,0,2026-01-28,IN-431608,P2163,"SASOL S/POORT EVEN GRAND TRAD.(2,5%)(I)",P. O. Box 818,Tzaneen,0850,Main Street  Steelpoort 0850,015 230 9773 THOMAS,AIR206,W/R Gum Airwaves B/Mint 30,265.68,2,17,
VILJOEN,0,2026-01-28,IN-431609,P3400,SPAR NORTH RAND (11691),P.O. Box 1474,Mulbarton,,2484 Dirk Winterbak Str ext 13 Next to OK mini Market Burgersfort 1150,013 231 7692,ORB176,Wrigley OTC Orbit Prof White 30,230.58,1,17,
VILJOEN,0,2026-01-28,IN-431609,P3400,SPAR NORTH RAND (11691),P.O. Box 1474,Mulbarton,,2484 Dirk Winterbak Str ext 13 Next to OK mini Market Burgersfort 1150,013 231 7692,ORB177,Wrigley OTC Orbit Prof Strong Mint 30,230.58,1,17,
VILJOEN,0,2026-01-28,IN-431609,P3400,SPAR NORTH RAND (11691),P.O. Box 1474,Mulbarton,,2484 Dirk Winterbak Str ext 13 Next to OK mini Market Burgersfort 1150,013 231 7692,ORB192,Wrigley Orbit Peppermint SXC 6x30Piece,231.78,1,17,
VILJOEN,0,2026-01-28,IN-431610,P3919,SPAR NORTH RAND (11691),P.O. BOX 336,STEELPOORT,,SHOP 10 BLOCK 5 STEELPOORT SHOPPING CENTRE STEELPOORT LIMPOPO,013 230 9672,C306877,Cadbury Lunch Bar Caramilk 40x44g,452.84,1,17,
VILJOEN,0,2026-01-28,IN-431610,P3919,SPAR NORTH RAND (11691),P.O. BOX 336,STEELPOORT,,SHOP 10 BLOCK 5 STEELPOORT SHOPPING CENTRE STEELPOORT LIMPOPO,013 230 9672,C3402,Cadbury Lunch Bar Large 40x44g,452.84,1,17,
VILJOEN,0,2026-01-28,IN-431610,P3919,SPAR NORTH RAND (11691),P.O. BOX 336,STEELPOORT,,SHOP 10 BLOCK 5 STEELPOORT SHOPPING CENTRE STEELPOORT LIMPOPO,013 230 9672,NESMINISMAR,Nestle Mini Bag Smarties 135g,39.5,2,17,
VILJOEN,0,2026-01-28,IN-431611,P3919,SPAR NORTH RAND (11691),P.O. BOX 336,STEELPOORT,,SHOP 10 BLOCK 5 STEELPOORT SHOPPING CENTRE STEELPOORT LIMPOPO,013 230 9672,DRA002,Dragon Energy Drinks 24x500ml,200.0,2,17,
VILJOEN,0,2026-01-28,IN-431611,P3919,SPAR NORTH RAND (11691),P.O. BOX 336,STEELPOORT,,SHOP 10 BLOCK 5 STEELPOORT SHOPPING CENTRE STEELPOORT LIMPOPO,013 230 9672,FRIM004,Frimax PC Salt & Vin 48x30g,187.82,1,17,
VILJOEN,0,2026-01-28,IN-431611,P3919,SPAR NORTH RAND (11691),P.O. BOX 336,STEELPOORT,,SHOP 10 BLOCK 5 STEELPOORT SHOPPING CENTRE STEELPOORT LIMPOPO,013 230 9672,FRIM005,Frimax PC Smokey Beef 48x30g,187.82,1,17,
VILJOEN,0,2026-01-28,IN-431611,P3919,SPAR NORTH RAND (11691),P.O. BOX 336,STEELPOORT,,SHOP 10 BLOCK 5 STEELPOORT SHOPPING CENTRE STEELPOORT LIMPOPO,013 230 9672,FRIM006,Frimax PC Mex Chilli 48x30g,187.82,1,17,
VILJOEN,0,2026-01-28,IN-431611,P3919,SPAR NORTH RAND (11691),P.O. BOX 336,STEELPOORT,,SHOP 10 BLOCK 5 STEELPOORT SHOPPING CENTRE STEELPOORT LIMPOPO,013 230 9672,FRIM007,Frimax PC Fruit Chutney 48x30g,187.82,1,17,
VILJOEN,0,2026-01-28,IN-431611,P3919,SPAR NORTH RAND (11691),P.O. BOX 336,STEELPOORT,,SHOP 10 BLOCK 5 STEELPOORT SHOPPING CENTRE STEELPOORT LIMPOPO,013 230 9672,FRIM008,Frimax PC Creamy Cheddar 48x30g,187.82,1,17,
VILJOEN,0,2026-01-28,IN-431611,P3919,SPAR NORTH RAND (11691),P.O. BOX 336,STEELPOORT,,SHOP 10 BLOCK 5 STEELPOORT SHOPPING CENTRE STEELPOORT LIMPOPO,013 230 9672,FRIM009,Frimax PC Salt & Vin 24x125g,326.61,1,17,
VILJOEN,0,2026-01-28,IN-431611,P3919,SPAR NORTH RAND (11691),P.O. BOX 336,STEELPOORT,,SHOP 10 BLOCK 5 STEELPOORT SHOPPING CENTRE STEELPOORT LIMPOPO,013 230 9672,FRIM012,Frimax PC Fruit Chutney 24x125g,326.61,1,17,
VILJOEN,0,2026-01-28,IN-431611,P3919,SPAR NORTH RAND (11691),P.O. BOX 336,STEELPOORT,,SHOP 10 BLOCK 5 STEELPOORT SHOPPING CENTRE STEELPOORT LIMPOPO,013 230 9672,FRIM036,Frimax PC Tomato 48x30g,187.82,1,17,
VILJOEN,0,2026-01-28,IN-431611,P3919,SPAR NORTH RAND (11691),P.O. BOX 336,STEELPOORT,,SHOP 10 BLOCK 5 STEELPOORT SHOPPING CENTRE STEELPOORT LIMPOPO,013 230 9672,NB10951,Bkrs Toppers Choc 12x125g,114.5,2,17,
VILJOEN,0,2026-01-28,IN-431611,P3919,SPAR NORTH RAND (11691),P.O. BOX 336,STEELPOORT,,SHOP 10 BLOCK 5 STEELPOORT SHOPPING CENTRE STEELPOORT LIMPOPO,013 230 9672,NB10969,Bkrs Toppers Choc/Mint 12x125g,114.5,2,17,
VILJOEN,0,2026-01-28,IN-431611,P3919,SPAR NORTH RAND (11691),P.O. BOX 336,STEELPOORT,,SHOP 10 BLOCK 5 STEELPOORT SHOPPING CENTRE STEELPOORT LIMPOPO,013 230 9672,NB11007,Bkrs Eat Sum Mor 12x200g,330.0,1,17,
VILJOEN,0,2026-01-28,IN-431611,P3919,SPAR NORTH RAND (11691),P.O. BOX 336,STEELPOORT,,SHOP 10 BLOCK 5 STEELPOORT SHOPPING CENTRE STEELPOORT LIMPOPO,013 230 9672,QU601,aQuelle Litchi 6x500ml,42.0,2,17,
VILJOEN,0,2026-01-28,IN-431611,P3919,SPAR NORTH RAND (11691),P.O. BOX 336,STEELPOORT,,SHOP 10 BLOCK 5 STEELPOORT SHOPPING CENTRE STEELPOORT LIMPOPO,013 230 9672,QU602,aQuelle Naartjie 6x500ml,42.0,2,17,
VILJOEN,0,2026-01-28,IN-431611,P3919,SPAR NORTH RAND (11691),P.O. BOX 336,STEELPOORT,,SHOP 10 BLOCK 5 STEELPOORT SHOPPING CENTRE STEELPOORT LIMPOPO,013 230 9672,QU603,aQuelle Strawberry 6x500ml,42.0,2,17,
VILJOEN,0,2026-01-28,IN-431611,P3919,SPAR NORTH RAND (11691),P.O. BOX 336,STEELPOORT,,SHOP 10 BLOCK 5 STEELPOORT SHOPPING CENTRE STEELPOORT LIMPOPO,013 230 9672,QU604,aQuelle Lemon 6x500ml,42.0,1,17,
VILJOEN,0,2026-01-28,IN-431611,P3919,SPAR NORTH RAND (11691),P.O. BOX 336,STEELPOORT,,SHOP 10 BLOCK 5 STEELPOORT SHOPPING CENTRE STEELPOORT LIMPOPO,013 230 9672,QU605,aQuelle Granadilla 6x500ml,42.0,2,17,
VILJOEN,0,2026-01-28,IN-431611,P3919,SPAR NORTH RAND (11691),P.O. BOX 336,STEELPOORT,,SHOP 10 BLOCK 5 STEELPOORT SHOPPING CENTRE STEELPOORT LIMPOPO,013 230 9672,QU606,aQuelle Pineapple 6x500ml,42.0,2,17,
VILJOEN,0,2026-01-28,IN-431611,P3919,SPAR NORTH RAND (11691),P.O. BOX 336,STEELPOORT,,SHOP 10 BLOCK 5 STEELPOORT SHOPPING CENTRE STEELPOORT LIMPOPO,013 230 9672,QU607,aQuelle Marula 6x500ml,42.0,2,17,
VILJOEN,0,2026-01-28,IN-431611,P3919,SPAR NORTH RAND (11691),P.O. BOX 336,STEELPOORT,,SHOP 10 BLOCK 5 STEELPOORT SHOPPING CENTRE STEELPOORT LIMPOPO,013 230 9672,QU608,aQuelle Watermelon 6x500ml,42.0,2,17,
VILJOEN,0,2026-01-28,IN-431611,P3919,SPAR NORTH RAND (11691),P.O. BOX 336,STEELPOORT,,SHOP 10 BLOCK 5 STEELPOORT SHOPPING CENTRE STEELPOORT LIMPOPO,013 230 9672,QU609,aQuelle Honey Melon 6x500ml,42.0,2,17,
VILJOEN,0,2026-01-28,IN-431611,P3919,SPAR NORTH RAND (11691),P.O. BOX 336,STEELPOORT,,SHOP 10 BLOCK 5 STEELPOORT SHOPPING CENTRE STEELPOORT LIMPOPO,013 230 9672,QU702,aQuelle Naartjie 6x1.5lt,79.8,2,17,
VILJOEN,0,2026-01-28,IN-431611,P3919,SPAR NORTH RAND (11691),P.O. BOX 336,STEELPOORT,,SHOP 10 BLOCK 5 STEELPOORT SHOPPING CENTRE STEELPOORT LIMPOPO,013 230 9672,QU704,aQuelle Lemon 6x1.5lt,79.8,2,17,
VILJOEN,0,2026-01-28,IN-431611,P3919,SPAR NORTH RAND (11691),P.O. BOX 336,STEELPOORT,,SHOP 10 BLOCK 5 STEELPOORT SHOPPING CENTRE STEELPOORT LIMPOPO,013 230 9672,QU705,aQuelle Granadilla 6x1.5lt,79.8,2,17,
VILJOEN,0,2026-01-28,IN-431611,P3919,SPAR NORTH RAND (11691),P.O. BOX 336,STEELPOORT,,SHOP 10 BLOCK 5 STEELPOORT SHOPPING CENTRE STEELPOORT LIMPOPO,013 230 9672,SWI001,Switch Original 24x500ml,184.35,1,17,
VILJOEN,0,2026-01-28,IN-431611,P3919,SPAR NORTH RAND (11691),P.O. BOX 336,STEELPOORT,,SHOP 10 BLOCK 5 STEELPOORT SHOPPING CENTRE STEELPOORT LIMPOPO,013 230 9672,SWI007,Switch Cranberry/Cherry 24x500ml,184.35,1,17,
VILJOEN,0,2026-01-28,IN-431611,P3919,SPAR NORTH RAND (11691),P.O. BOX 336,STEELPOORT,,SHOP 10 BLOCK 5 STEELPOORT SHOPPING CENTRE STEELPOORT LIMPOPO,013 230 9672,SWI008,Switch Bok Green Citrus Pine 24x500ml,184.35,2,17,
VILJOEN,0,2026-01-28,IN-431611,P3919,SPAR NORTH RAND (11691),P.O. BOX 336,STEELPOORT,,SHOP 10 BLOCK 5 STEELPOORT SHOPPING CENTRE STEELPOORT LIMPOPO,013 230 9672,SWI012,Switch G/Fruit Naartjie VIT C 24x500ml,184.35,1,17,
VILJOEN,0,2026-01-28,IN-431611,P3919,SPAR NORTH RAND (11691),P.O. BOX 336,STEELPOORT,,SHOP 10 BLOCK 5 STEELPOORT SHOPPING CENTRE STEELPOORT LIMPOPO,013 230 9672,SWI023,Switch Dry Lemon 24x500ml,184.35,1,17,
VILJOEN,0,2026-01-28,IN-431611,P3919,SPAR NORTH RAND (11691),P.O. BOX 336,STEELPOORT,,SHOP 10 BLOCK 5 STEELPOORT SHOPPING CENTRE STEELPOORT LIMPOPO,013 230 9672,SWI031,Switch Vitamin C Lemon/Ginger 24x500ml,184.35,1,17,
VILJOEN,0,2026-01-28,IN-431611,P3919,SPAR NORTH RAND (11691),P.O. BOX 336,STEELPOORT,,SHOP 10 BLOCK 5 STEELPOORT SHOPPING CENTRE STEELPOORT LIMPOPO,013 230 9672,SWI033,Switch Kiwi/Mango/Straw 24x500ml,184.35,1,17,
VILJOEN,0,2026-01-28,IN-431611,P3919,SPAR NORTH RAND (11691),P.O. BOX 336,STEELPOORT,,SHOP 10 BLOCK 5 STEELPOORT SHOPPING CENTRE STEELPOORT LIMPOPO,013 230 9672,SWI039,Switch Tropical 24x500ml,184.35,1,17,
VILJOEN,0,2026-01-28,IN-431611,P3919,SPAR NORTH RAND (11691),P.O. BOX 336,STEELPOORT,,SHOP 10 BLOCK 5 STEELPOORT SHOPPING CENTRE STEELPOORT LIMPOPO,013 230 9672,SWI046,Switch Vita C Blueberry/Rasberry 24x500ml,184.35,1,17,
VILJOEN,0,2026-01-28,IN-431611,P3919,SPAR NORTH RAND (11691),P.O. BOX 336,STEELPOORT,,SHOP 10 BLOCK 5 STEELPOORT SHOPPING CENTRE STEELPOORT LIMPOPO,013 230 9672,SWI047,Switch Pink Lemonade 24x500ml,184.35,1,17,
VILJOEN,0,2026-01-28,IN-431612,P2163,"SASOL S/POORT EVEN GRAND TRAD.(2,5%)(I)",P. O. Box 818,Tzaneen,0850,Main Street  Steelpoort 0850,015 230 9773 THOMAS,MA004,Mageu  Mabele  10x500ml,114.76,2,17,
VILJOEN,0,2026-01-28,IN-431612,P2163,"SASOL S/POORT EVEN GRAND TRAD.(2,5%)(I)",P. O. Box 818,Tzaneen,0850,Main Street  Steelpoort 0850,015 230 9773 THOMAS,MA013,Mageu  Mabele 10x1lt,148.23,3,17,
VILJOEN,0,2026-01-28,IN-431612,P2163,"SASOL S/POORT EVEN GRAND TRAD.(2,5%)(I)",P. O. Box 818,Tzaneen,0850,Main Street  Steelpoort 0850,015 230 9773 THOMAS,SJ202,Snack a Juice C/Tail S/C 100% 24x500ml,354.24,1,17,
VILJOEN,0,2026-01-28,IN-431612,P2163,"SASOL S/POORT EVEN GRAND TRAD.(2,5%)(I)",P. O. Box 818,Tzaneen,0850,Main Street  Steelpoort 0850,015 230 9773 THOMAS,SJA004,KAROO Aloe Strawberry 24x500ml,384.9,1,17,
VILJOEN,0,2026-01-28,IN-431612,P2163,"SASOL S/POORT EVEN GRAND TRAD.(2,5%)(I)",P. O. Box 818,Tzaneen,0850,Main Street  Steelpoort 0850,015 230 9773 THOMAS,WBNEW1.5L,"W/B Spring Water Still 12x1,5L",90.43,15,17,
VILJOEN,0,2026-01-28,IN-431613,P2326,SPAR NORTH RAND (11691),P.O. Box 4489,Polokwane,,EXT MAGNAVIA MAFANEDZA STR STAND NO 21071,015 297 8157/64,SWI001,Switch Original 24x500ml,184.35,1,31,
VILJOEN,0,2026-01-28,IN-431613,P2326,SPAR NORTH RAND (11691),P.O. Box 4489,Polokwane,,EXT MAGNAVIA MAFANEDZA STR STAND NO 21071,015 297 8157/64,V24BB500,Vita24 Blue Berry 500ml 1x6 pack,108.1,2,31,
VILJOEN,0,2026-01-28,IN-431613,P2326,SPAR NORTH RAND (11691),P.O. Box 4489,Polokwane,,EXT MAGNAVIA MAFANEDZA STR STAND NO 21071,015 297 8157/64,V24PF500,Vita24 Passionfruit 500ml 1x6 pack,108.1,2,31,
VILJOEN,0,2026-01-28,IN-431613,P2326,SPAR NORTH RAND (11691),P.O. Box 4489,Polokwane,,EXT MAGNAVIA MAFANEDZA STR STAND NO 21071,015 297 8157/64,V24TZ500,Vita24 Tangerine 500ml 1x6 pack,108.1,2,31,
VILJOEN,0,2026-01-28,IN-431613,P2326,SPAR NORTH RAND (11691),P.O. Box 4489,Polokwane,,EXT MAGNAVIA MAFANEDZA STR STAND NO 21071,015 297 8157/64,VB24LL500,Vita24 Lemon & Lime 500ml 1x6 pack,108.1,2,31,
VILJOEN,0,2026-01-28,IN-431613,P2326,SPAR NORTH RAND (11691),P.O. Box 4489,Polokwane,,EXT MAGNAVIA MAFANEDZA STR STAND NO 21071,015 297 8157/64,WBNEW750,W/B Spring Water Still 12x750ml,76.59,13,31,
VILJOEN,0,2026-01-28,IN-431614,P321,SPAR NORTH RAND (11691),P.O Box 132,Burgersfort,,38 Dirk Winterbach Street  Burgersfort 1150,013 231 7764,GO-WB5,W/Berg Still 1x5lt each,15.22,40,17,
VILJOEN,0,2026-01-28,IN-431614,P321,SPAR NORTH RAND (11691),P.O Box 132,Burgersfort,,38 Dirk Winterbach Street  Burgersfort 1150,013 231 7764,MA013,Mageu  Mabele 10x1lt,148.23,2,17,
VILJOEN,0,2026-01-28,IN-431614,P321,SPAR NORTH RAND (11691),P.O Box 132,Burgersfort,,38 Dirk Winterbach Street  Burgersfort 1150,013 231 7764,P861302,Pepsi Max Pet 12x500ml,109.0,1,17,
VILJOEN,0,2026-01-28,IN-431614,P321,SPAR NORTH RAND (11691),P.O Box 132,Burgersfort,,38 Dirk Winterbach Street  Burgersfort 1150,013 231 7764,SWI001,Switch Original 24x500ml,184.35,2,17,
VILJOEN,0,2026-01-28,IN-431614,P321,SPAR NORTH RAND (11691),P.O Box 132,Burgersfort,,38 Dirk Winterbach Street  Burgersfort 1150,013 231 7764,SWI012,Switch G/Fruit Naartjie VIT C 24x500ml,184.35,3,17,
VILJOEN,0,2026-01-28,IN-431614,P321,SPAR NORTH RAND (11691),P.O Box 132,Burgersfort,,38 Dirk Winterbach Street  Burgersfort 1150,013 231 7764,SWI017,Switch Vit C Orange  24x500ml,184.35,2,17,
VILJOEN,0,2026-01-28,IN-431614,P321,SPAR NORTH RAND (11691),P.O Box 132,Burgersfort,,38 Dirk Winterbach Street  Burgersfort 1150,013 231 7764,SWI033,Switch Kiwi/Mango/Straw 24x500ml,184.35,2,17,
VILJOEN,0,2026-01-28,IN-431614,P321,SPAR NORTH RAND (11691),P.O Box 132,Burgersfort,,38 Dirk Winterbach Street  Burgersfort 1150,013 231 7764,SWI047,Switch Pink Lemonade 24x500ml,184.35,1,17,
VILJOEN,0,2026-01-28,IN-431614,P321,SPAR NORTH RAND (11691),P.O Box 132,Burgersfort,,38 Dirk Winterbach Street  Burgersfort 1150,013 231 7764,SWI061,Switch Cola Float 24x500ml,184.35,1,17,
VILJOEN,0,2026-01-28,IN-431614,P321,SPAR NORTH RAND (11691),P.O Box 132,Burgersfort,,38 Dirk Winterbach Street  Burgersfort 1150,013 231 7764,WBNEW750,W/B Spring Water Still 12x750ml,79.65,30,17,
VILJOEN,0,2026-01-28,IN-431615,P406,SPAR NORTH RAND (11691),P.O.BOX 4025,POLOKWANE,,3 ALOE VERS STREET (OFF MUNNIK AVE) POLOKWANE,082 202 4666,QU703,aQuelle Strawberry 6x1.5lt,79.8,2,3,
VILJOEN,0,2026-01-28,IN-431615,P406,SPAR NORTH RAND (11691),P.O.BOX 4025,POLOKWANE,,3 ALOE VERS STREET (OFF MUNNIK AVE) POLOKWANE,082 202 4666,QU705,aQuelle Granadilla 6x1.5lt,79.8,2,3,
VILJOEN,0,2026-01-28,IN-431615,P406,SPAR NORTH RAND (11691),P.O.BOX 4025,POLOKWANE,,3 ALOE VERS STREET (OFF MUNNIK AVE) POLOKWANE,082 202 4666,QU706,aQuelle Pineapple 6x1.5lt,79.8,2,3,
VILJOEN,0,2026-01-28,IN-431615,P406,SPAR NORTH RAND (11691),P.O.BOX 4025,POLOKWANE,,3 ALOE VERS STREET (OFF MUNNIK AVE) POLOKWANE,082 202 4666,QU708,aQuelle Watermelon 6x1.5lt,79.8,2,3,
VILJOEN,0,2026-01-28,IN-431615,P406,SPAR NORTH RAND (11691),P.O.BOX 4025,POLOKWANE,,3 ALOE VERS STREET (OFF MUNNIK AVE) POLOKWANE,082 202 4666,QU710,aQuelle Apple 6x1.5lt,79.8,2,3,
VILJOEN,0,2026-01-28,IN-431616,P424,ELTZUR (PTY)LTD (CAD),POSTNET SUITE 12,P/BAG X20097,LYDENBURG,STEELPOORT PRIMARY SCHOOL KIOSK STEELPOORT,082 921 1162,BR004,Energade Tropical  24X500ML,239.56,1,17,
VILJOEN,0,2026-01-28,IN-431616,P424,ELTZUR (PTY)LTD (CAD),POSTNET SUITE 12,P/BAG X20097,LYDENBURG,STEELPOORT PRIMARY SCHOOL KIOSK STEELPOORT,082 921 1162,BR006,Energade Blue Berry 24X500ML,239.56,1,17,
VILJOEN,0,2026-01-28,IN-431616,P424,ELTZUR (PTY)LTD (CAD),POSTNET SUITE 12,P/BAG X20097,LYDENBURG,STEELPOORT PRIMARY SCHOOL KIOSK STEELPOORT,082 921 1162,BR007,Energade Mixed Berry 24X500ML,239.56,1,17,
VILJOEN,0,2026-01-28,IN-431616,P424,ELTZUR (PTY)LTD (CAD),POSTNET SUITE 12,P/BAG X20097,LYDENBURG,STEELPOORT PRIMARY SCHOOL KIOSK STEELPOORT,082 921 1162,FN007,Foxi Nax Spicy Tomato 50x22g,71.13,1,17,
VILJOEN,0,2026-01-28,IN-431616,P424,ELTZUR (PTY)LTD (CAD),POSTNET SUITE 12,P/BAG X20097,LYDENBURG,STEELPOORT PRIMARY SCHOOL KIOSK STEELPOORT,082 921 1162,FNP005,Foxi Puffs Sweet Chilli 20x50g,85.65,4,17,
VILJOEN,0,2026-01-28,IN-431616,P424,ELTZUR (PTY)LTD (CAD),POSTNET SUITE 12,P/BAG X20097,LYDENBURG,STEELPOORT PRIMARY SCHOOL KIOSK STEELPOORT,082 921 1162,SWI012,Switch G/Fruit Naartjie VIT C 24x500ml,184.35,1,17,
VILJOEN,0,2026-01-28,IN-431616,P424,ELTZUR (PTY)LTD (CAD),POSTNET SUITE 12,P/BAG X20097,LYDENBURG,STEELPOORT PRIMARY SCHOOL KIOSK STEELPOORT,082 921 1162,SWI017,Switch Vit C Orange  24x500ml,184.35,2,17,
VILJOEN,0,2026-01-28,IN-431616,P424,ELTZUR (PTY)LTD (CAD),POSTNET SUITE 12,P/BAG X20097,LYDENBURG,STEELPOORT PRIMARY SCHOOL KIOSK STEELPOORT,082 921 1162,WBNEW750,W/B Spring Water Still 12x750ml,99.57,3,17,
VILJOEN,0,2026-01-28,IN-431617,P1729,SASOL MADIBA PARK (3 D EFT ),P. O. Box 12858,Polokwane,Bendor Park,110 Nelson Mandela Drive  Polokwane 0699,015 223 6653,GO-WB5,W/Berg Still 1x5lt each,15.22,20,3,
VILJOEN,0,2026-01-28,IN-431617,P1729,SASOL MADIBA PARK (3 D EFT ),P. O. Box 12858,Polokwane,Bendor Park,110 Nelson Mandela Drive  Polokwane 0699,015 223 6653,NB10951,Bkrs Toppers Choc 12x125g,114.5,1,3,
VILJOEN,0,2026-01-28,IN-431617,P1729,SASOL MADIBA PARK (3 D EFT ),P. O. Box 12858,Polokwane,Bendor Park,110 Nelson Mandela Drive  Polokwane 0699,015 223 6653,NB10953,Bkrs Toppers Rasberry 12x125g,114.5,1,3,
VILJOEN,0,2026-01-28,IN-431617,P1729,SASOL MADIBA PARK (3 D EFT ),P. O. Box 12858,Polokwane,Bendor Park,110 Nelson Mandela Drive  Polokwane 0699,015 223 6653,NB10955,Bkrs Toppers Van 12x125g,114.5,1,3,
VILJOEN,0,2026-01-28,IN-431617,P1729,SASOL MADIBA PARK (3 D EFT ),P. O. Box 12858,Polokwane,Bendor Park,110 Nelson Mandela Drive  Polokwane 0699,015 223 6653,NB10957,Bkrs Toppers Custard 12x125g,114.5,1,3,
VILJOEN,0,2026-01-28,IN-431617,P1729,SASOL MADIBA PARK (3 D EFT ),P. O. Box 12858,Polokwane,Bendor Park,110 Nelson Mandela Drive  Polokwane 0699,015 223 6653,NB10969,Bkrs Toppers Choc/Mint 12x125g,114.5,1,3,
VILJOEN,0,2026-01-28,IN-431617,P1729,SASOL MADIBA PARK (3 D EFT ),P. O. Box 12858,Polokwane,Bendor Park,110 Nelson Mandela Drive  Polokwane 0699,015 223 6653,NB17393,Bkrs Toppers Lemon 12x125g,114.5,1,3,
VILJOEN,0,2026-01-28,IN-431617,P1729,SASOL MADIBA PARK (3 D EFT ),P. O. Box 12858,Polokwane,Bendor Park,110 Nelson Mandela Drive  Polokwane 0699,015 223 6653,QU201,aQuelle Still 6x500ml,32.6,4,3,
VILJOEN,0,2026-01-28,IN-431617,P1729,SASOL MADIBA PARK (3 D EFT ),P. O. Box 12858,Polokwane,Bendor Park,110 Nelson Mandela Drive  Polokwane 0699,015 223 6653,QU501,aQuelle Still 4x5lt,83.5,10,3,
VILJOEN,0,2026-01-28,IN-431617,P1729,SASOL MADIBA PARK (3 D EFT ),P. O. Box 12858,Polokwane,Bendor Park,110 Nelson Mandela Drive  Polokwane 0699,015 223 6653,QU702,aQuelle Naartjie 6x1.5lt,79.8,1,3,
VILJOEN,0,2026-01-28,IN-431617,P1729,SASOL MADIBA PARK (3 D EFT ),P. O. Box 12858,Polokwane,Bendor Park,110 Nelson Mandela Drive  Polokwane 0699,015 223 6653,QU703,aQuelle Strawberry 6x1.5lt,79.8,1,3,
VILJOEN,0,2026-01-28,IN-431617,P1729,SASOL MADIBA PARK (3 D EFT ),P. O. Box 12858,Polokwane,Bendor Park,110 Nelson Mandela Drive  Polokwane 0699,015 223 6653,QU704,aQuelle Lemon 6x1.5lt,79.8,1,3,
VILJOEN,0,2026-01-28,IN-431617,P1729,SASOL MADIBA PARK (3 D EFT ),P. O. Box 12858,Polokwane,Bendor Park,110 Nelson Mandela Drive  Polokwane 0699,015 223 6653,QU705,aQuelle Granadilla 6x1.5lt,79.8,1,3,
VILJOEN,0,2026-01-28,IN-431617,P1729,SASOL MADIBA PARK (3 D EFT ),P. O. Box 12858,Polokwane,Bendor Park,110 Nelson Mandela Drive  Polokwane 0699,015 223 6653,QU706,aQuelle Pineapple 6x1.5lt,79.8,1,3,
VILJOEN,0,2026-01-28,IN-431617,P1729,SASOL MADIBA PARK (3 D EFT ),P. O. Box 12858,Polokwane,Bendor Park,110 Nelson Mandela Drive  Polokwane 0699,015 223 6653,QU707,aQuelle Marula 6x1.5lt,79.8,1,3,
VILJOEN,0,2026-01-28,IN-431617,P1729,SASOL MADIBA PARK (3 D EFT ),P. O. Box 12858,Polokwane,Bendor Park,110 Nelson Mandela Drive  Polokwane 0699,015 223 6653,QU708,aQuelle Watermelon 6x1.5lt,79.8,1,3,
VILJOEN,0,2026-01-28,IN-431617,P1729,SASOL MADIBA PARK (3 D EFT ),P. O. Box 12858,Polokwane,Bendor Park,110 Nelson Mandela Drive  Polokwane 0699,015 223 6653,QU709,aQuelle Honey Melon 6x1.5lt,79.8,1,3,
VILJOEN,0,2026-01-28,IN-431617,P1729,SASOL MADIBA PARK (3 D EFT ),P. O. Box 12858,Polokwane,Bendor Park,110 Nelson Mandela Drive  Polokwane 0699,015 223 6653,QU710,aQuelle Apple 6x1.5lt,79.8,1,3,
VILJOEN,0,2026-01-28,IN-431617,P1729,SASOL MADIBA PARK (3 D EFT ),P. O. Box 12858,Polokwane,Bendor Park,110 Nelson Mandela Drive  Polokwane 0699,015 223 6653,WBNEW1.5L,"W/B Spring Water Still 12x1,5L",86.96,13,3,
VILJOEN,0,2026-01-28,IN-431617,P1729,SASOL MADIBA PARK (3 D EFT ),P. O. Box 12858,Polokwane,Bendor Park,110 Nelson Mandela Drive  Polokwane 0699,015 223 6653,WBNEW500,W/B Spring Water Still 24x500ml,131.74,1,3,
VILJOEN,0,2026-01-28,IN-431618,P3669,SPAR NORTH RAND (11691),PLAAS GELUKSFONTEIN UNIT 14,POLKWANE,,C/O HOSPITAL&MARKET STR POLOKWANE,015 297 4679,GO-WB5,W/Berg Still 1x5lt each,15.22,20,3,
VILJOEN,0,2026-01-28,IN-431618,P3669,SPAR NORTH RAND (11691),PLAAS GELUKSFONTEIN UNIT 14,POLKWANE,,C/O HOSPITAL&MARKET STR POLOKWANE,015 297 4679,W006,W/B Still  1x10lt,29.13,20,3,
VILJOEN,0,2026-01-28,IN-431618,P3669,SPAR NORTH RAND (11691),PLAAS GELUKSFONTEIN UNIT 14,POLKWANE,,C/O HOSPITAL&MARKET STR POLOKWANE,015 297 4679,WBNEW1.5L,"W/B Spring Water Still 12x1,5L",86.96,13,3,
VILJOEN,0,2026-01-28,IN-431619,P3400,SPAR NORTH RAND (11691),P.O. Box 1474,Mulbarton,,2484 Dirk Winterbak Str ext 13 Next to OK mini Market Burgersfort 1150,013 231 7692,BR002,Energade Naartjie 24X500ML,239.56,1,17,
VILJOEN,0,2026-01-28,IN-431619,P3400,SPAR NORTH RAND (11691),P.O. Box 1474,Mulbarton,,2484 Dirk Winterbak Str ext 13 Next to OK mini Market Burgersfort 1150,013 231 7692,BR011,Oros Orange  24X300ML,110.61,1,17,
VILJOEN,0,2026-01-28,IN-431619,P3400,SPAR NORTH RAND (11691),P.O. Box 1474,Mulbarton,,2484 Dirk Winterbak Str ext 13 Next to OK mini Market Burgersfort 1150,013 231 7692,BR019,Oros Guava  24X300ML,110.61,1,17,
VILJOEN,0,2026-01-28,IN-431619,P3400,SPAR NORTH RAND (11691),P.O. Box 1474,Mulbarton,,2484 Dirk Winterbak Str ext 13 Next to OK mini Market Burgersfort 1150,013 231 7692,BR020,Oros  Rasberry  24X300ML,110.61,1,17,
VILJOEN,0,2026-01-28,IN-431619,P3400,SPAR NORTH RAND (11691),P.O. Box 1474,Mulbarton,,2484 Dirk Winterbak Str ext 13 Next to OK mini Market Burgersfort 1150,013 231 7692,BR021,Oros  Apple Berry 24X300ML,110.61,1,17,
VILJOEN,0,2026-01-28,IN-431619,P3400,SPAR NORTH RAND (11691),P.O. Box 1474,Mulbarton,,2484 Dirk Winterbak Str ext 13 Next to OK mini Market Burgersfort 1150,013 231 7692,BR034,Energade Zero Strawberry 24X500ML,239.56,1,17,
VILJOEN,0,2026-01-28,IN-431619,P3400,SPAR NORTH RAND (11691),P.O. Box 1474,Mulbarton,,2484 Dirk Winterbak Str ext 13 Next to OK mini Market Burgersfort 1150,013 231 7692,SQ204,SQ D/Thick 12x300ml Toff/Caramel,134.78,1,17,
VILJOEN,0,2026-01-28,IN-431619,P3400,SPAR NORTH RAND (11691),P.O. Box 1474,Mulbarton,,2484 Dirk Winterbak Str ext 13 Next to OK mini Market Burgersfort 1150,013 231 7692,SWI007,Switch Cranberry/Cherry 24x500ml,184.35,2,17,
VILJOEN,0,2026-01-28,IN-431619,P3400,SPAR NORTH RAND (11691),P.O. Box 1474,Mulbarton,,2484 Dirk Winterbak Str ext 13 Next to OK mini Market Burgersfort 1150,013 231 7692,SWI008,Switch Bok Green Citrus Pine 24x500ml,184.35,3,17,
VILJOEN,0,2026-01-28,IN-431619,P3400,SPAR NORTH RAND (11691),P.O. Box 1474,Mulbarton,,2484 Dirk Winterbak Str ext 13 Next to OK mini Market Burgersfort 1150,013 231 7692,SWI022,Switch Jelly Babies 24x500ml,184.35,2,17,
VILJOEN,0,2026-01-28,IN-431619,P3400,SPAR NORTH RAND (11691),P.O. Box 1474,Mulbarton,,2484 Dirk Winterbak Str ext 13 Next to OK mini Market Burgersfort 1150,013 231 7692,SWI066,Switch T20 Vita C Blue Lemon 24x500ml,184.35,1,17,
VILJOEN,0,2026-01-28,IN-431620,P471,KING PIE GAME CENTRE PLK (21 D - I),Henbase 2140 cc t/a King Pie,Game Centre Polokwane,Reg No.: 1996/030971/23,"Game Centre, Unit 5B Cnr Market & Hospital Street Polokwane 0699",063 387 8664,SJ202,Snack a Juice C/Tail S/C 100% 24x500ml,318.82,1,1,
VILJOEN,0,2026-01-28,IN-431620,P471,KING PIE GAME CENTRE PLK (21 D - I),Henbase 2140 cc t/a King Pie,Game Centre Polokwane,Reg No.: 1996/030971/23,"Game Centre, Unit 5B Cnr Market & Hospital Street Polokwane 0699",063 387 8664,SJ205,Snack a Juice Guava S/C 20% 24x500ml,318.82,1,1,
VILJOEN,0,2026-01-28,IN-431621,SP082,SPAR NORTH RAND (11691),SPAR NORTHRAND (11691),P.O.BOX 528,CLAYVILLE,THORNHILL SUPERSPAR (31029) C/O MUNNIK & VELDSPAAT STR BENDORPARK VAT:4740215191,,SQ002,Squeeze-Mee Strawberry 40x130ml,298.67,1,1,
VILJOEN,0,2026-01-28,IN-431621,SP082,SPAR NORTH RAND (11691),SPAR NORTHRAND (11691),P.O.BOX 528,CLAYVILLE,THORNHILL SUPERSPAR (31029) C/O MUNNIK & VELDSPAAT STR BENDORPARK VAT:4740215191,,SQ003,Squeeze-Mee Bubblegum 40x130ml,298.67,1,1,
VILJOEN,0,2026-01-28,IN-431621,SP082,SPAR NORTH RAND (11691),SPAR NORTHRAND (11691),P.O.BOX 528,CLAYVILLE,THORNHILL SUPERSPAR (31029) C/O MUNNIK & VELDSPAAT STR BENDORPARK VAT:4740215191,,SQ004,Squeeze-Mee Vanilla 40x130ml,298.67,1,1,
VILJOEN,0,2026-01-28,IN-431621,SP082,SPAR NORTH RAND (11691),SPAR NORTHRAND (11691),P.O.BOX 528,CLAYVILLE,THORNHILL SUPERSPAR (31029) C/O MUNNIK & VELDSPAAT STR BENDORPARK VAT:4740215191,,SQ011,Squeeze-Mee Tof/Car 40x130ml,298.67,1,1,
VILJOEN,0,2026-01-28,IN-431622,P2244,SPAR NORTH RAND (11691),Kgotsong Filling Station (7D),P.O. Box 6,Boyne,LEBOWAGOMO (TOTAL) 0728,,BR020,Oros  Rasberry  24X300ML,163.24,1,17,
VILJOEN,0,2026-01-28,IN-431622,P2244,SPAR NORTH RAND (11691),Kgotsong Filling Station (7D),P.O. Box 6,Boyne,LEBOWAGOMO (TOTAL) 0728,,DRA002,Dragon Energy Drinks 24x500ml,200.0,4,17,
VILJOEN,0,2026-01-28,IN-431622,P2244,SPAR NORTH RAND (11691),Kgotsong Filling Station (7D),P.O. Box 6,Boyne,LEBOWAGOMO (TOTAL) 0728,,MA004,Mageu  Mabele  10x500ml,114.76,1,17,
VILJOEN,0,2026-01-28,IN-431622,P2244,SPAR NORTH RAND (11691),Kgotsong Filling Station (7D),P.O. Box 6,Boyne,LEBOWAGOMO (TOTAL) 0728,,MA013,Mageu  Mabele 10x1lt,148.23,2,17,
VILJOEN,0,2026-01-28,IN-431622,P2244,SPAR NORTH RAND (11691),Kgotsong Filling Station (7D),P.O. Box 6,Boyne,LEBOWAGOMO (TOTAL) 0728,,QU201,aQuelle Still 6x500ml,32.6,10,17,
VILJOEN,0,2026-01-28,IN-431622,P2244,SPAR NORTH RAND (11691),Kgotsong Filling Station (7D),P.O. Box 6,Boyne,LEBOWAGOMO (TOTAL) 0728,,QU301,aQuelle Still 6x750ml,50.4,10,17,
VILJOEN,0,2026-01-28,IN-431622,P2244,SPAR NORTH RAND (11691),Kgotsong Filling Station (7D),P.O. Box 6,Boyne,LEBOWAGOMO (TOTAL) 0728,,SJ200,SJ Ass S/C 24x500ml,356.74,1,17,
VILJOEN,0,2026-01-28,IN-431622,P2244,SPAR NORTH RAND (11691),Kgotsong Filling Station (7D),P.O. Box 6,Boyne,LEBOWAGOMO (TOTAL) 0728,,TA501,Take 5 Orange 100% 10x500ml,174.48,1,17,
VILJOEN,0,2026-01-28,IN-431622,P2244,SPAR NORTH RAND (11691),Kgotsong Filling Station (7D),P.O. Box 6,Boyne,LEBOWAGOMO (TOTAL) 0728,,TA509,Take 5 Fruit&Veg 100% 10x500ml,174.48,1,17,
VILJOEN,0,2026-01-28,IN-431622,P2244,SPAR NORTH RAND (11691),Kgotsong Filling Station (7D),P.O. Box 6,Boyne,LEBOWAGOMO (TOTAL) 0728,,WBNEW1.5L,"W/B Spring Water Still 12x1,5L",90.43,15,17,
VILJOEN,0,2026-01-28,IN-431623,S93,SPAR NORTH RAND (11691),,,,,060 785 4524,TROPPOP41,Troppi Pops Litchi 4x(10x200ml),88.7,1,30,
VILJOEN,0,2026-01-28,IN-431623,S93,SPAR NORTH RAND (11691),,,,,060 785 4524,TROPPOP42,Troppi Pops Mango 4x(10x200ml),88.7,1,30,
VILJOEN,0,2026-01-28,IN-431624,P3005,SPAR NORTH RAND (11691),,,,,,B2743,Beacon Wonder Bar Nut 24's,124.14,1,31,
VILJOEN,0,2026-01-28,IN-431624,P3005,SPAR NORTH RAND (11691),,,,,,NESMINIBAR,Nestle Mini Bag Bar One 189g,39.5,1,31,
VILJOEN,0,2026-01-28,IN-431624,P3005,SPAR NORTH RAND (11691),,,,,,NESMINISMAR,Nestle Mini Bag Smarties 135g,39.5,1,31,
VILJOEN,0,2026-01-28,IN-431624,P3005,SPAR NORTH RAND (11691),,,,,,NESMINITEX,Nestle Mini Bag Tex 182g,39.5,1,31,
VILJOEN,0,2026-01-28,IN-431625,P593,CFAO MOBILITY (PTY)LTD (30 DAE CURRENT),P.O.BOX 5069,HORIZON,ROODEPOORT,108 LANDROS MAREE STREET POLOKWANE,011 549 3100,W100-CFAO,W/B Still CFAO Toyota 24X500ML,86.96,7,31,
