"Seller Group","Supplier","Date","Reference","Customer code","Customer name","Physical_Address1","Physical_Address2","Physical_Address3","Physical_Address4","Deliver1","Deliver2","Deliver3","Deliver4","Telephone","Product code","Product description","Quantity","Value","Rep"
"ALL Other","Sweets",30/01/2026,"CRN23869","P1722","FOREVER RESORTS(Pty) Ltd (30D-C-I","SWADINI, A FOREVER RESORT","Private Bag X3003","Hoedspruit","1380","BLYDERIVIERSPOORT NATURE RESERVE","R531","Hoedspruit","1380","015 795 5141","B012871","Maynards Orig W/Gums Disp 24x60G NEW",-1,-258,42
"ALL Other","Sweets",30/01/2026,"CRN23869","P1722","FOREVER RESORTS(Pty) Ltd (30D-C-I","SWADINI, A FOREVER RESORT","Private Bag X3003","Hoedspruit","1380","BLYDERIVIERSPOORT NATURE RESERVE","R531","Hoedspruit","1380","015 795 5141","B012872","Maynards Jelly Jerseys 24x60G NEW",-1,-258,42
"ALL Other","Sweets",30/01/2026,"CRN23869","P1722","FOREVER RESORTS(Pty) Ltd (30D-C-I","SWADINI, A FOREVER RESORT","Private Bag X3003","Hoedspruit","1380","BLYDERIVIERSPOORT NATURE RESERVE","R531","Hoedspruit","1380","015 795 5141","B012873","Maynards Soft Fruity Gums 24x60g NEW",-1,-258,42
"ALL Other","Sweets",30/01/2026,"CRN23869","P1722","FOREVER RESORTS(Pty) Ltd (30D-C-I","SWADINI, A FOREVER RESORT","Private Bag X3003","Hoedspruit","1380","BLYDERIVIERSPOORT NATURE RESERVE","R531","Hoedspruit","1380","015 795 5141","B1957","Jungle Energy Bar Berries 30's",-1,-292,42
"ALL Other","Sweets",30/01/2026,"CRN23869","P1722","FOREVER RESORTS(Pty) Ltd (30D-C-I","SWADINI, A FOREVER RESORT","Private Bag X3003","Hoedspruit","1380","BLYDERIVIERSPOORT NATURE RESERVE","R531","Hoedspruit","1380","015 795 5141","B2341","Jungle Energy Bar Milk Chocolate 30's",-1,-292,42
"ALL Other","Sweets",30/01/2026,"CRN23869","P1722","FOREVER RESORTS(Pty) Ltd (30D-C-I","SWADINI, A FOREVER RESORT","Private Bag X3003","Hoedspruit","1380","BLYDERIVIERSPOORT NATURE RESERVE","R531","Hoedspruit","1380","015 795 5141","B3386","Maynards Fruit Pastilles 24x60g",-1,-258,42
"ALL Other","Sweets",30/01/2026,"CRN23869","P1722","FOREVER RESORTS(Pty) Ltd (30D-C-I","SWADINI, A FOREVER RESORT","Private Bag X3003","Hoedspruit","1380","BLYDERIVIERSPOORT NATURE RESERVE","R531","Hoedspruit","1380","015 795 5141","B8531","Wilson XXX Lozengers Musk 48x31.2g",-1,-187,42
"ALL Other","Sweets",30/01/2026,"CRN23869","P1722","FOREVER RESORTS(Pty) Ltd (30D-C-I","SWADINI, A FOREVER RESORT","Private Bag X3003","Hoedspruit","1380","BLYDERIVIERSPOORT NATURE RESERVE","R531","Hoedspruit","1380","015 795 5141","C3408","Cadbury PS Caramilk Large 40x48g",-1,-453,42
"ALL Other","Sweets",30/01/2026,"CRN23869","P1722","FOREVER RESORTS(Pty) Ltd (30D-C-I","SWADINI, A FOREVER RESORT","Private Bag X3003","Hoedspruit","1380","BLYDERIVIERSPOORT NATURE RESERVE","R531","Hoedspruit","1380","015 795 5141","C607316","Halls Cherry 18",-1,-169,42
"ALL Other","Diplomat",30/01/2026,"CRN23869","P1722","FOREVER RESORTS(Pty) Ltd (30D-C-I","SWADINI, A FOREVER RESORT","Private Bag X3003","Hoedspruit","1380","BLYDERIVIERSPOORT NATURE RESERVE","R531","Hoedspruit","1380","015 795 5141","C607336","Halls Extra Strong 18",-1,-169,42
"ALL Other","Clippa",30/01/2026,"CRN23869","P1722","FOREVER RESORTS(Pty) Ltd (30D-C-I","SWADINI, A FOREVER RESORT","Private Bag X3003","Hoedspruit","1380","BLYDERIVIERSPOORT NATURE RESERVE","R531","Hoedspruit","1380","015 795 5141","FR070","Fruitella Strawberry 24's",-1,-197,42
"ALL Other","Clippa",30/01/2026,"CRN23869","P1722","FOREVER RESORTS(Pty) Ltd (30D-C-I","SWADINI, A FOREVER RESORT","Private Bag X3003","Hoedspruit","1380","BLYDERIVIERSPOORT NATURE RESERVE","R531","Hoedspruit","1380","015 795 5141","FR071","Fruitella Grape/Lemon 24's",-1,-197,42
"ALL Other","Clippa",30/01/2026,"CRN23869","P1722","FOREVER RESORTS(Pty) Ltd (30D-C-I","SWADINI, A FOREVER RESORT","Private Bag X3003","Hoedspruit","1380","BLYDERIVIERSPOORT NATURE RESERVE","R531","Hoedspruit","1380","015 795 5141","FR072","Fruitella Banana/Straw 24's",-1,-197,42
"ALL Other","SG - Mars",30/01/2026,"CRN23869","P1722","FOREVER RESORTS(Pty) Ltd (30D-C-I","SWADINI, A FOREVER RESORT","Private Bag X3003","Hoedspruit","1380","BLYDERIVIERSPOORT NATURE RESERVE","R531","Hoedspruit","1380","015 795 5141","MAR201","Twix Bars 25x50g",-1,-329,42
"ALL Other","Clippa",30/01/2026,"CRN23869","P1722","FOREVER RESORTS(Pty) Ltd (30D-C-I","SWADINI, A FOREVER RESORT","Private Bag X3003","Hoedspruit","1380","BLYDERIVIERSPOORT NATURE RESERVE","R531","Hoedspruit","1380","015 795 5141","MEN001","Mentos Rolls Spearmint 40",-1,-313,42
"ALL Other","Clippa",30/01/2026,"CRN23869","P1722","FOREVER RESORTS(Pty) Ltd (30D-C-I","SWADINI, A FOREVER RESORT","Private Bag X3003","Hoedspruit","1380","BLYDERIVIERSPOORT NATURE RESERVE","R531","Hoedspruit","1380","015 795 5141","MEN003","Mentos Rolls S/berry 40",-1,-313,42
"ALL Other","Clippa",30/01/2026,"CRN23869","P1722","FOREVER RESORTS(Pty) Ltd (30D-C-I","SWADINI, A FOREVER RESORT","Private Bag X3003","Hoedspruit","1380","BLYDERIVIERSPOORT NATURE RESERVE","R531","Hoedspruit","1380","015 795 5141","MEN004","Mentos Rolls Fruit 40",-1,-313,42
"ALL Other","Clippa",30/01/2026,"CRN23869","P1722","FOREVER RESORTS(Pty) Ltd (30D-C-I","SWADINI, A FOREVER RESORT","Private Bag X3003","Hoedspruit","1380","BLYDERIVIERSPOORT NATURE RESERVE","R531","Hoedspruit","1380","015 795 5141","MEN005","Mentos Rolls Grape 40",-1,-313,42
"ALL Other","Clippa",30/01/2026,"CRN23869","P1722","FOREVER RESORTS(Pty) Ltd (30D-C-I","SWADINI, A FOREVER RESORT","Private Bag X3003","Hoedspruit","1380","BLYDERIVIERSPOORT NATURE RESERVE","R531","Hoedspruit","1380","015 795 5141","MEN007","Mentos Rolls Rainbow 40",-1,-313,42
"ALL Other","Clippa",30/01/2026,"CRN23869","P1722","FOREVER RESORTS(Pty) Ltd (30D-C-I","SWADINI, A FOREVER RESORT","Private Bag X3003","Hoedspruit","1380","BLYDERIVIERSPOORT NATURE RESERVE","R531","Hoedspruit","1380","015 795 5141","MEN009","Mentos Discovery Roll 40",-1,-313,42
"ALL Other","Clippa",30/01/2026,"CRN23869","P1722","FOREVER RESORTS(Pty) Ltd (30D-C-I","SWADINI, A FOREVER RESORT","Private Bag X3003","Hoedspruit","1380","BLYDERIVIERSPOORT NATURE RESERVE","R531","Hoedspruit","1380","015 795 5141","MEN080","Mentos Incr Chew Stick Straw 10pc 12X47G",-1,-120,42
"ALL Other","Clippa",30/01/2026,"CRN23869","P1722","FOREVER RESORTS(Pty) Ltd (30D-C-I","SWADINI, A FOREVER RESORT","Private Bag X3003","Hoedspruit","1380","BLYDERIVIERSPOORT NATURE RESERVE","R531","Hoedspruit","1380","015 795 5141","MEN081","Mentos Incr Chew Stick Pas/Fruit 10pc 12X47G",-1,-120,42
"ALL Other","Biltong",30/01/2026,"CRN23869","P1722","FOREVER RESORTS(Pty) Ltd (30D-C-I","SWADINI, A FOREVER RESORT","Private Bag X3003","Hoedspruit","1380","BLYDERIVIERSPOORT NATURE RESERVE","R531","Hoedspruit","1380","015 795 5141","ZT209","Taki S/P Chop Stix Chilli Bag 20X60G",-1,-546,42
"ALL Other","Energy Drinks",30/01/2026,"IN-431714","S80","THOMAS MAKHUBELA","","","","","","","","","079 868 4922","SWI001","Switch Original 24x500ml",1,184.35,30
"ALL Other","Energy Drinks",30/01/2026,"IN-431714","S80","THOMAS MAKHUBELA","","","","","","","","","079 868 4922","SWI012","Switch G/Fruit Naartjie VIT C 24x500ml",1,184.35,30
"ALL Other","Snack a Juice",30/01/2026,"IN-431715","P3851","BESMO GARAGE CC (EFT)","P.O.BOX 4624","TZANEEN","","","109 ANTIMOON STREET","GRAVELOTTE","","","015 318 4462","SJ206","Snack a Juice Litchi S/C 42% 24x500ml",1,354.24,43
"ALL Other","Snack a Juice",30/01/2026,"IN-431715","P3851","BESMO GARAGE CC (EFT)","P.O.BOX 4624","TZANEEN","","","109 ANTIMOON STREET","GRAVELOTTE","","","015 318 4462","SJ208","Snack a Juice Cranb S/C 100% 24x500ml",1,354.24,43
"ALL Other","Snack a Juice",30/01/2026,"IN-431715","P3851","BESMO GARAGE CC (EFT)","P.O.BOX 4624","TZANEEN","","","109 ANTIMOON STREET","GRAVELOTTE","","","015 318 4462","SJ316","Snack a Juice Cranb 6x2lit",1,253.50,43
"Sasol","Snack a Juice",30/01/2026,"IN-431716","P1374","SASOL AGATHA  7D","P.O. Box 463","","Tzaneen","0850","Agatha Street","","Tzaneen","0850","015 307 7776/4408","SJ200","SJ Ass S/C 24x500ml",1,356.74,18
"ALL Other","Snack a Juice",30/01/2026,"IN-431717","P400","SKOON BEGIN BOERDERY (PTY)TLD","SKOON BEGIN BOERDERY (PTY)TLD","PRETORUIS 147.","THABO MBEKI RYLAAN  MOKOPANE","0600","147 Pretoruis Street","Cnr Geyser Street","Mokopane","0600","015 491  4555","SJ200","SJ Ass S/C 24x500ml",2,713.48,8
"ALL Other","Snack a Juice",30/01/2026,"IN-431718","P2501","PHARMABOND (Pty) LtD t/a MULDOK PHARMACY","(7 D - I)","P.O. Box 100","Mokopane","0600","75 Thabo Mbeki Street","","Mokopane","0601","015 491 3165","SJ200","SJ Ass S/C 24x500ml",1,356.74,8
"ALL Other","Snack a Juice",30/01/2026,"IN-431719","P1185","FRESH AND MORE (PTY)LTD (14 D - I)","P.O. Box 4659","","Mokopane","0600","2 Thabo Mbeki Rd","Shop 3","Mokopane","0600","015 491 4223","SJ206","Snack a Juice Litchi S/C 42% 24x500ml",1,354.24,8
"ALL Other","Snack a Juice",30/01/2026,"IN-431719","P1185","FRESH AND MORE (PTY)LTD (14 D - I)","P.O. Box 4659","","Mokopane","0600","2 Thabo Mbeki Rd","Shop 3","Mokopane","0600","015 491 4223","SJ208","Snack a Juice Cranb S/C 100% 24x500ml",1,354.24,8
"ALL Other","Snack a Juice",30/01/2026,"IN-431720","P098","LEBAMBA SUPER MARKET (EFT)","(HOEDSPRUIT)","P.O. Box 685","Hoedspruit","1320","Le Bamba Complex","","Hoedspruit","","015 793 2634","SJ200","SJ Ass S/C 24x500ml",1,356.74,42
"ALL Other","Snack a Juice",30/01/2026,"IN-431720","P098","LEBAMBA SUPER MARKET (EFT)","(HOEDSPRUIT)","P.O. Box 685","Hoedspruit","1320","Le Bamba Complex","","Hoedspruit","","015 793 2634","SJ208","Snack a Juice Cranb S/C 100% 24x500ml",1,354.24,42
"ALL Other","Snack a Juice",30/01/2026,"IN-431720","P098","LEBAMBA SUPER MARKET (EFT)","(HOEDSPRUIT)","P.O. Box 685","Hoedspruit","1320","Le Bamba Complex","","Hoedspruit","","015 793 2634","SJ316","Snack a Juice Cranb 6x2lit",2,507,42
"ALL Other","Snack a Juice",30/01/2026,"IN-431721","P138","AH ERNST&SEUNS(EDMS)BPK  3 D EFT","ALLESBESTE PADSTAL","POSBUS 91","Tzaneen","0850","Magoebaskloof Pad R71","","Tzaneen","","073 819 1047 CALVIN","SJ200","SJ Ass S/C 24x500ml",1,356.74,18
"Galp Energia","Snack a Juice",30/01/2026,"IN-431722","P3530","AST AFRICA TRADING E1 (PTY)LTD 7D REP TO","P.O.BOX 962","TZANEEN","","","9 BEYTEL STREET","MOKOPANE","","","081 093 2999 jaco","SJ206","Snack a Juice Litchi S/C 42% 24x500ml",1,354.24,8
"Galp Energia","Snack a Juice",30/01/2026,"IN-431722","P3530","AST AFRICA TRADING E1 (PTY)LTD 7D REP TO","P.O.BOX 962","TZANEEN","","","9 BEYTEL STREET","MOKOPANE","","","081 093 2999 jaco","SJ208","Snack a Juice Cranb S/C 100% 24x500ml",1,354.24,8
"ALL Other","Snack a Juice",30/01/2026,"IN-431723","P3371","W DU PREEZ t/a TRITEX MOTORS (3%) (CAD)","P.O. Box 1697","Mokopane","","0600","3 Beitel Street","","Mokopane","0600","015 491 5523","SJ206","Snack a Juice Litchi S/C 42% 24x500ml",1,354.24,8
"ALL Other","Snack a Juice",30/01/2026,"IN-431723","P3371","W DU PREEZ t/a TRITEX MOTORS (3%) (CAD)","P.O. Box 1697","Mokopane","","0600","3 Beitel Street","","Mokopane","0600","015 491 5523","SJ208","Snack a Juice Cranb S/C 100% 24x500ml",1,354.24,8
"ALL Other","Snack a Juice",30/01/2026,"IN-431724","P443","SPIF BELEGGINGS PRY LTD  MOKOPANE","POSBUS 1772","NABOOMSPRUIT","","","SHOP1 MOKOPANE PLAZA","MOKOPANE","","","083 266 2412","SJ203","Snack a Juice Mango S/C 100% 24x500ml",1,354.24,8
"ALL Other","Snack a Juice",30/01/2026,"IN-431724","P443","SPIF BELEGGINGS PRY LTD  MOKOPANE","POSBUS 1772","NABOOMSPRUIT","","","SHOP1 MOKOPANE PLAZA","MOKOPANE","","","083 266 2412","SJ206","Snack a Juice Litchi S/C 42% 24x500ml",1,354.24,8
"ALL Other","Snack a Juice",30/01/2026,"IN-431724","P443","SPIF BELEGGINGS PRY LTD  MOKOPANE","POSBUS 1772","NABOOMSPRUIT","","","SHOP1 MOKOPANE PLAZA","MOKOPANE","","","083 266 2412","SJ208","Snack a Juice Cranb S/C 100% 24x500ml",1,354.24,8
"Total","Snack a Juice",30/01/2026,"IN-431725","P2239","TZANEEN FUEL (PTY)LTD 14 DAYS","P.O. Box 1834","Tzaneen","","0850","C/O Hospital Road & R71","","Tzaneen","0850","015 307 2490","SJ206","Snack a Juice Litchi S/C 42% 24x500ml",1,354.24,18
"ALL Other","Sweets",30/01/2026,"IN-431726","P1722","FOREVER RESORTS(Pty) Ltd (30D-C-I","SWADINI, A FOREVER RESORT","Private Bag X3003","Hoedspruit","1380","BLYDERIVIERSPOORT NATURE RESERVE","R531","Hoedspruit","1380","015 795 5141","B012871","Maynards Orig W/Gums Disp 24x60G NEW",1,258.13,42
"ALL Other","Sweets",30/01/2026,"IN-431726","P1722","FOREVER RESORTS(Pty) Ltd (30D-C-I","SWADINI, A FOREVER RESORT","Private Bag X3003","Hoedspruit","1380","BLYDERIVIERSPOORT NATURE RESERVE","R531","Hoedspruit","1380","015 795 5141","B012872","Maynards Jelly Jerseys 24x60G NEW",1,258.13,42
"ALL Other","Sweets",30/01/2026,"IN-431726","P1722","FOREVER RESORTS(Pty) Ltd (30D-C-I","SWADINI, A FOREVER RESORT","Private Bag X3003","Hoedspruit","1380","BLYDERIVIERSPOORT NATURE RESERVE","R531","Hoedspruit","1380","015 795 5141","B012873","Maynards Soft Fruity Gums 24x60g NEW",1,258.13,42
"ALL Other","Sweets",30/01/2026,"IN-431726","P1722","FOREVER RESORTS(Pty) Ltd (30D-C-I","SWADINI, A FOREVER RESORT","Private Bag X3003","Hoedspruit","1380","BLYDERIVIERSPOORT NATURE RESERVE","R531","Hoedspruit","1380","015 795 5141","B1957","Jungle Energy Bar Berries 30's",1,292.16,42
"ALL Other","Sweets",30/01/2026,"IN-431726","P1722","FOREVER RESORTS(Pty) Ltd (30D-C-I","SWADINI, A FOREVER RESORT","Private Bag X3003","Hoedspruit","1380","BLYDERIVIERSPOORT NATURE RESERVE","R531","Hoedspruit","1380","015 795 5141","B2341","Jungle Energy Bar Milk Chocolate 30's",1,292.16,42
"ALL Other","Sweets",30/01/2026,"IN-431726","P1722","FOREVER RESORTS(Pty) Ltd (30D-C-I","SWADINI, A FOREVER RESORT","Private Bag X3003","Hoedspruit","1380","BLYDERIVIERSPOORT NATURE RESERVE","R531","Hoedspruit","1380","015 795 5141","B3386","Maynards Fruit Pastilles 24x60g",1,258.13,42
"ALL Other","Sweets",30/01/2026,"IN-431726","P1722","FOREVER RESORTS(Pty) Ltd (30D-C-I","SWADINI, A FOREVER RESORT","Private Bag X3003","Hoedspruit","1380","BLYDERIVIERSPOORT NATURE RESERVE","R531","Hoedspruit","1380","015 795 5141","B8531","Wilson XXX Lozengers Musk 48x31.2g",1,187.38,42
"ALL Other","Sweets",30/01/2026,"IN-431726","P1722","FOREVER RESORTS(Pty) Ltd (30D-C-I","SWADINI, A FOREVER RESORT","Private Bag X3003","Hoedspruit","1380","BLYDERIVIERSPOORT NATURE RESERVE","R531","Hoedspruit","1380","015 795 5141","C3408","Cadbury PS Caramilk Large 40x48g",1,452.84,42
"ALL Other","Sweets",30/01/2026,"IN-431726","P1722","FOREVER RESORTS(Pty) Ltd (30D-C-I","SWADINI, A FOREVER RESORT","Private Bag X3003","Hoedspruit","1380","BLYDERIVIERSPOORT NATURE RESERVE","R531","Hoedspruit","1380","015 795 5141","C607316","Halls Cherry 18",1,169.09,42
"ALL Other","Diplomat",30/01/2026,"IN-431726","P1722","FOREVER RESORTS(Pty) Ltd (30D-C-I","SWADINI, A FOREVER RESORT","Private Bag X3003","Hoedspruit","1380","BLYDERIVIERSPOORT NATURE RESERVE","R531","Hoedspruit","1380","015 795 5141","C607336","Halls Extra Strong 18",1,169.09,42
"ALL Other","Clippa",30/01/2026,"IN-431726","P1722","FOREVER RESORTS(Pty) Ltd (30D-C-I","SWADINI, A FOREVER RESORT","Private Bag X3003","Hoedspruit","1380","BLYDERIVIERSPOORT NATURE RESERVE","R531","Hoedspruit","1380","015 795 5141","FR070","Fruitella Strawberry 24's",1,196.67,42
"ALL Other","Clippa",30/01/2026,"IN-431726","P1722","FOREVER RESORTS(Pty) Ltd (30D-C-I","SWADINI, A FOREVER RESORT","Private Bag X3003","Hoedspruit","1380","BLYDERIVIERSPOORT NATURE RESERVE","R531","Hoedspruit","1380","015 795 5141","FR071","Fruitella Grape/Lemon 24's",1,196.67,42
"ALL Other","Clippa",30/01/2026,"IN-431726","P1722","FOREVER RESORTS(Pty) Ltd (30D-C-I","SWADINI, A FOREVER RESORT","Private Bag X3003","Hoedspruit","1380","BLYDERIVIERSPOORT NATURE RESERVE","R531","Hoedspruit","1380","015 795 5141","FR072","Fruitella Banana/Straw 24's",1,196.67,42
"ALL Other","SG - Mars",30/01/2026,"IN-431726","P1722","FOREVER RESORTS(Pty) Ltd (30D-C-I","SWADINI, A FOREVER RESORT","Private Bag X3003","Hoedspruit","1380","BLYDERIVIERSPOORT NATURE RESERVE","R531","Hoedspruit","1380","015 795 5141","MAR201","Twix Bars 25x50g",1,329,42
"ALL Other","Clippa",30/01/2026,"IN-431726","P1722","FOREVER RESORTS(Pty) Ltd (30D-C-I","SWADINI, A FOREVER RESORT","Private Bag X3003","Hoedspruit","1380","BLYDERIVIERSPOORT NATURE RESERVE","R531","Hoedspruit","1380","015 795 5141","MEN001","Mentos Rolls Spearmint 40",1,312.53,42
"ALL Other","Clippa",30/01/2026,"IN-431726","P1722","FOREVER RESORTS(Pty) Ltd (30D-C-I","SWADINI, A FOREVER RESORT","Private Bag X3003","Hoedspruit","1380","BLYDERIVIERSPOORT NATURE RESERVE","R531","Hoedspruit","1380","015 795 5141","MEN003","Mentos Rolls S/berry 40",1,312.50,42
"ALL Other","Clippa",30/01/2026,"IN-431726","P1722","FOREVER RESORTS(Pty) Ltd (30D-C-I","SWADINI, A FOREVER RESORT","Private Bag X3003","Hoedspruit","1380","BLYDERIVIERSPOORT NATURE RESERVE","R531","Hoedspruit","1380","015 795 5141","MEN004","Mentos Rolls Fruit 40",1,312.50,42
"ALL Other","Clippa",30/01/2026,"IN-431726","P1722","FOREVER RESORTS(Pty) Ltd (30D-C-I","SWADINI, A FOREVER RESORT","Private Bag X3003","Hoedspruit","1380","BLYDERIVIERSPOORT NATURE RESERVE","R531","Hoedspruit","1380","015 795 5141","MEN005","Mentos Rolls Grape 40",1,312.50,42
"ALL Other","Clippa",30/01/2026,"IN-431726","P1722","FOREVER RESORTS(Pty) Ltd (30D-C-I","SWADINI, A FOREVER RESORT","Private Bag X3003","Hoedspruit","1380","BLYDERIVIERSPOORT NATURE RESERVE","R531","Hoedspruit","1380","015 795 5141","MEN007","Mentos Rolls Rainbow 40",1,312.50,42
"ALL Other","Clippa",30/01/2026,"IN-431726","P1722","FOREVER RESORTS(Pty) Ltd (30D-C-I","SWADINI, A FOREVER RESORT","Private Bag X3003","Hoedspruit","1380","BLYDERIVIERSPOORT NATURE RESERVE","R531","Hoedspruit","1380","015 795 5141","MEN009","Mentos Discovery Roll 40",1,312.50,42
"ALL Other","Clippa",30/01/2026,"IN-431726","P1722","FOREVER RESORTS(Pty) Ltd (30D-C-I","SWADINI, A FOREVER RESORT","Private Bag X3003","Hoedspruit","1380","BLYDERIVIERSPOORT NATURE RESERVE","R531","Hoedspruit","1380","015 795 5141","MEN080","Mentos Incr Chew Stick Straw 10pc 12X47G",1,120,42
"ALL Other","Clippa",30/01/2026,"IN-431726","P1722","FOREVER RESORTS(Pty) Ltd (30D-C-I","SWADINI, A FOREVER RESORT","Private Bag X3003","Hoedspruit","1380","BLYDERIVIERSPOORT NATURE RESERVE","R531","Hoedspruit","1380","015 795 5141","MEN081","Mentos Incr Chew Stick Pas/Fruit 10pc 12X47G",1,120,42
"ALL Other","Biltong",30/01/2026,"IN-431726","P1722","FOREVER RESORTS(Pty) Ltd (30D-C-I","SWADINI, A FOREVER RESORT","Private Bag X3003","Hoedspruit","1380","BLYDERIVIERSPOORT NATURE RESERVE","R531","Hoedspruit","1380","015 795 5141","ZT209","Taki S/P Chop Stix Chilli Bag 20X60G",1,545.70,42
"Total","Biltong",30/01/2026,"IN-431727","P3388","TOTAL THE OAKS TONNEL PLAZA (CAD)","P.O. Box 1766","Lulekami","1392","","Total Tonnel Plaza Filling St","Cnr Tzaneen Lydenburg Road","Hoedspruit","","084 317 4603","ZT200","Taki S/P Stokkies 20X40G",1,545.70,42
"Total","Biltong",30/01/2026,"IN-431727","P3388","TOTAL THE OAKS TONNEL PLAZA (CAD)","P.O. Box 1766","Lulekami","1392","","Total Tonnel Plaza Filling St","Cnr Tzaneen Lydenburg Road","Hoedspruit","","084 317 4603","ZT201","Taki S/P Stokkies Chilli 20X40G",1,545.70,42
"Total","Biltong",30/01/2026,"IN-431727","P3388","TOTAL THE OAKS TONNEL PLAZA (CAD)","P.O. Box 1766","Lulekami","1392","","Total Tonnel Plaza Filling St","Cnr Tzaneen Lydenburg Road","Hoedspruit","","084 317 4603","ZT207","Taki S/P Kudu Strips  20X40G",1,545.70,42
"Total","Biltong",30/01/2026,"IN-431727","P3388","TOTAL THE OAKS TONNEL PLAZA (CAD)","P.O. Box 1766","Lulekami","1392","","Total Tonnel Plaza Filling St","Cnr Tzaneen Lydenburg Road","Hoedspruit","","084 317 4603","ZT212","Taki S/P Sliced Babmix 20X50G",1,545.70,42
"ALL Other","Clippa",30/01/2026,"IN-431728","P3851","BESMO GARAGE CC (EFT)","P.O.BOX 4624","TZANEEN","","","109 ANTIMOON STREET","GRAVELOTTE","","","015 318 4462","FR070","Fruitella Strawberry 24's",1,196.67,43
"ALL Other","Vapes",30/01/2026,"IN-431729","P3850","FUELAND INVESTMENTS CCC (3 DAYS EFT )","P.O.BOX 801","TZANEEN","","","PLAAS JAFFRAY","TZANEEN","","","060 359 9710","JKISBR20K","E-Xhale 20JK Sour Blue Rasb 3.5% 20 000 Puff",1,1982.61,42
"ALL Other","Vapes",30/01/2026,"IN-431729","P3850","FUELAND INVESTMENTS CCC (3 DAYS EFT )","P.O.BOX 801","TZANEEN","","","PLAAS JAFFRAY","TZANEEN","","","060 359 9710","JKSED20K","E-Xhale 20JK Straw Energy Drink 3.5% 20 000 Puff",1,1982.61,42
"ALL Other","Vapes",30/01/2026,"IN-431729","P3850","FUELAND INVESTMENTS CCC (3 DAYS EFT )","P.O.BOX 801","TZANEEN","","","PLAAS JAFFRAY","TZANEEN","","","060 359 9710","JKSPF20K","E-Xhale 20JK Straw Passion 3.5% 20 000 Puff",1,1982.61,42
"ALL Other","SG - Mars",30/01/2026,"IN-431729","P3850","FUELAND INVESTMENTS CCC (3 DAYS EFT )","P.O.BOX 801","TZANEEN","","","PLAAS JAFFRAY","TZANEEN","","","060 359 9710","MAR103","Snickers Bar Twin Pack 24x (40gx2)",1,380.16,42
"ALL Other","SG - Mars",30/01/2026,"IN-431729","P3850","FUELAND INVESTMENTS CCC (3 DAYS EFT )","P.O.BOX 801","TZANEEN","","","PLAAS JAFFRAY","TZANEEN","","","060 359 9710","MAR201","Twix Bars 25x50g",1,329,42
"ALL Other","SG - Mars",30/01/2026,"IN-431729","P3850","FUELAND INVESTMENTS CCC (3 DAYS EFT )","P.O.BOX 801","TZANEEN","","","PLAAS JAFFRAY","TZANEEN","","","060 359 9710","MAR501","M & M Milk Choc 24x45g",1,347.28,42
"ALL Other","SG - Mars",30/01/2026,"IN-431729","P3850","FUELAND INVESTMENTS CCC (3 DAYS EFT )","P.O.BOX 801","TZANEEN","","","PLAAS JAFFRAY","TZANEEN","","","060 359 9710","MAR502","M & M Milk Choc Peanut 24x45g",1,347.28,42
"ALL Other","Nestle",30/01/2026,"IN-431729","P3850","FUELAND INVESTMENTS CCC (3 DAYS EFT )","P.O.BOX 801","TZANEEN","","","PLAAS JAFFRAY","TZANEEN","","","060 359 9710","NES001SMA","Nestle Smarties 40x40g",1,420.00,42
"Engen","SG - Wrigley's",30/01/2026,"IN-431730","P929","IMPALA PETRO PORT (PTY)LTD CAD/I)","Posbus 1947","Phalaborwa","","0390","Kiaatstraat 1","","Phalaborwa","","015 781 3960","AIR201","W/R Gum Airwave Men/Euc 30",2,590.40,43
"Engen","Energizer",30/01/2026,"IN-431730","P929","IMPALA PETRO PORT (PTY)LTD CAD/I)","Posbus 1947","Phalaborwa","","0390","Kiaatstraat 1","","Phalaborwa","","015 781 3960","ENE001","Energizer Max AA 2 Pack x 1",5,162.65,43
"Engen","Energizer",30/01/2026,"IN-431730","P929","IMPALA PETRO PORT (PTY)LTD CAD/I)","Posbus 1947","Phalaborwa","","0390","Kiaatstraat 1","","Phalaborwa","","015 781 3960","ENE002","Energizer Max AAA 2 Pack x 1",5,162.65,43
"Engen","Energizer",30/01/2026,"IN-431730","P929","IMPALA PETRO PORT (PTY)LTD CAD/I)","Posbus 1947","Phalaborwa","","0390","Kiaatstraat 1","","Phalaborwa","","015 781 3960","ENE003","Energizer Max AA 4 Pack x 1",5,296.65,43
"Engen","SG - Mars",30/01/2026,"IN-431730","P929","IMPALA PETRO PORT (PTY)LTD CAD/I)","Posbus 1947","Phalaborwa","","0390","Kiaatstraat 1","","Phalaborwa","","015 781 3960","MAR103","Snickers Bar Twin Pack 24x (40gx2)",2,760.32,43
"Engen","SG - Mars",30/01/2026,"IN-431730","P929","IMPALA PETRO PORT (PTY)LTD CAD/I)","Posbus 1947","Phalaborwa","","0390","Kiaatstraat 1","","Phalaborwa","","015 781 3960","MAR201","Twix Bars 25x50g",1,329,43
"Engen","Clippa",30/01/2026,"IN-431730","P929","IMPALA PETRO PORT (PTY)LTD CAD/I)","Posbus 1947","Phalaborwa","","0390","Kiaatstraat 1","","Phalaborwa","","015 781 3960","MEN080","Mentos Incr Chew Stick Straw 10pc 12X47G",1,120,43
"Engen","Clippa",30/01/2026,"IN-431730","P929","IMPALA PETRO PORT (PTY)LTD CAD/I)","Posbus 1947","Phalaborwa","","0390","Kiaatstraat 1","","Phalaborwa","","015 781 3960","MP001","Menthoplus Strong 1x12",1,68.08,43
"Engen","Clippa",30/01/2026,"IN-431730","P929","IMPALA PETRO PORT (PTY)LTD CAD/I)","Posbus 1947","Phalaborwa","","0390","Kiaatstraat 1","","Phalaborwa","","015 781 3960","MP002","Menthoplus Menthol 1x12",1,68.08,43
"Engen","Clippa",30/01/2026,"IN-431730","P929","IMPALA PETRO PORT (PTY)LTD CAD/I)","Posbus 1947","Phalaborwa","","0390","Kiaatstraat 1","","Phalaborwa","","015 781 3960","MP004","Menthoplus Mint 1x12",1,68.08,43
"Engen","SG - Wrigley's",30/01/2026,"IN-431730","P929","IMPALA PETRO PORT (PTY)LTD CAD/I)","Posbus 1947","Phalaborwa","","0390","Kiaatstraat 1","","Phalaborwa","","015 781 3960","ORB173","Wrigley OTC Orbit Peppermint 30",1,230.58,43
"Engen","SG - Wrigley's",30/01/2026,"IN-431730","P929","IMPALA PETRO PORT (PTY)LTD CAD/I)","Posbus 1947","Phalaborwa","","0390","Kiaatstraat 1","","Phalaborwa","","015 781 3960","ORB175","Wrigley OTC Orbit Watermelon 30",1,230.58,43
"Engen","SG - Wrigley's",30/01/2026,"IN-431730","P929","IMPALA PETRO PORT (PTY)LTD CAD/I)","Posbus 1947","Phalaborwa","","0390","Kiaatstraat 1","","Phalaborwa","","015 781 3960","ORB176","Wrigley OTC Orbit Prof White 30",1,230.58,43
"Engen","SG - Wrigley's",30/01/2026,"IN-431730","P929","IMPALA PETRO PORT (PTY)LTD CAD/I)","Posbus 1947","Phalaborwa","","0390","Kiaatstraat 1","","Phalaborwa","","015 781 3960","ORB177","Wrigley OTC Orbit Prof Strong Mint 30",1,230.58,43
"Engen","Biltong",30/01/2026,"IN-431730","P929","IMPALA PETRO PORT (PTY)LTD CAD/I)","Posbus 1947","Phalaborwa","","0390","Kiaatstraat 1","","Phalaborwa","","015 781 3960","ZT502","Taki Wrapped Refil Trad 65",2,941.80,43
"Engen","Biltong",30/01/2026,"IN-431730","P929","IMPALA PETRO PORT (PTY)LTD CAD/I)","Posbus 1947","Phalaborwa","","0390","Kiaatstraat 1","","Phalaborwa","","015 781 3960","ZT503","Taki Wrapped Refil Chilli 65",2,941.80,43
"ALL Other","Squeeze Mee",30/01/2026,"IN-431731","P3850","FUELAND INVESTMENTS CCC (3 DAYS EFT )","P.O.BOX 801","TZANEEN","","","PLAAS JAFFRAY","TZANEEN","","","060 359 9710","SQ001","Squeeze-Mee Chocolate 40x130ml",1,298.70,42
"ALL Other","Squeeze Mee",30/01/2026,"IN-431731","P3850","FUELAND INVESTMENTS CCC (3 DAYS EFT )","P.O.BOX 801","TZANEEN","","","PLAAS JAFFRAY","TZANEEN","","","060 359 9710","SQ002","Squeeze-Mee Strawberry 40x130ml",1,298.70,42
"ALL Other","Squeeze Mee",30/01/2026,"IN-431731","P3850","FUELAND INVESTMENTS CCC (3 DAYS EFT )","P.O.BOX 801","TZANEEN","","","PLAAS JAFFRAY","TZANEEN","","","060 359 9710","SQ003","Squeeze-Mee Bubblegum 40x130ml",1,298.70,42
"ALL Other","Squeeze Mee",30/01/2026,"IN-431731","P3850","FUELAND INVESTMENTS CCC (3 DAYS EFT )","P.O.BOX 801","TZANEEN","","","PLAAS JAFFRAY","TZANEEN","","","060 359 9710","SQ004","Squeeze-Mee Vanilla 40x130ml",1,298.70,42
"ALL Other","Squeeze Mee",30/01/2026,"IN-431731","P3850","FUELAND INVESTMENTS CCC (3 DAYS EFT )","P.O.BOX 801","TZANEEN","","","PLAAS JAFFRAY","TZANEEN","","","060 359 9710","SQ011","Squeeze-Mee Tof/Car 40x130ml",1,298.70,42
"ALL Other","Snack a Juice",30/01/2026,"IN-431732","P2391","IVYPARK FILLING STATION (Pty) Ltd FRESHS","IVYPARK FRESHSTOP (7D - I)","Cnr Marshall & Nelson Mandela Drive","Polokwane","0699","P.O. Box 3147","","Polokwane","0700","015 295 2220","SJ208","Snack a Juice Cranb S/C 100% 24x500ml",1,354.24,3
"ALL Other","Foxi Snax",30/01/2026,"IN-431733","P431","MILONTEL (PTY)LTD (3 D EFT )","7 ZAMBESI STREET","EMMARENTIA","RANDBURG","","DRIEHOEK FILLING STATION","CNR OF R527 & D1185","HOEDSPRUIT","","083 650 1269","FN023","Foxi Nax Salt Vinegar 40x75g",1,216.53,42
"ALL Other","Foxi Snax",30/01/2026,"IN-431733","P431","MILONTEL (PTY)LTD (3 D EFT )","7 ZAMBESI STREET","EMMARENTIA","RANDBURG","","DRIEHOEK FILLING STATION","CNR OF R527 & D1185","HOEDSPRUIT","","083 650 1269","FN025","Foxi Nax BBQ 40x75g",1,216.53,42
"ALL Other","Energy Drinks",30/01/2026,"IN-431733","P431","MILONTEL (PTY)LTD (3 D EFT )","7 ZAMBESI STREET","EMMARENTIA","RANDBURG","","DRIEHOEK FILLING STATION","CNR OF R527 & D1185","HOEDSPRUIT","","083 650 1269","SWI001","Switch Original 24x500ml",1,184.35,42
"ALL Other","Energy Drinks",30/01/2026,"IN-431733","P431","MILONTEL (PTY)LTD (3 D EFT )","7 ZAMBESI STREET","EMMARENTIA","RANDBURG","","DRIEHOEK FILLING STATION","CNR OF R527 & D1185","HOEDSPRUIT","","083 650 1269","SWI008","Switch Bok Green Citrus Pine 24x500ml",1,184.35,42
"ALL Other","Energy Drinks",30/01/2026,"IN-431733","P431","MILONTEL (PTY)LTD (3 D EFT )","7 ZAMBESI STREET","EMMARENTIA","RANDBURG","","DRIEHOEK FILLING STATION","CNR OF R527 & D1185","HOEDSPRUIT","","083 650 1269","SWI022","Switch Jelly Babies 24x500ml",1,184.35,42
"ALL Other","Oshee",30/01/2026,"IN-431734","P501","DRIEHOEK WHOLESALERS(PTY)LTD (CAD)","P.O.BOX 338","HOEDSPRUIT","","","C/O R5278&D1185","HOEDSPRUIT","","","063 612 5389","BUN001","Bundaberg Ginger Beer 24x375ml",2,920,42
"ALL Other","Oshee",30/01/2026,"IN-431735","P3850","FUELAND INVESTMENTS CCC (3 DAYS EFT )","P.O.BOX 801","TZANEEN","","","PLAAS JAFFRAY","TZANEEN","","","060 359 9710","BUN001","Bundaberg Ginger Beer 24x375ml",2,920,42
"Total","Waterberg",30/01/2026,"IN-431736","P3388","TOTAL THE OAKS TONNEL PLAZA (CAD)","P.O. Box 1766","Lulekami","1392","","Total Tonnel Plaza Filling St","Cnr Tzaneen Lydenburg Road","Hoedspruit","","084 317 4603","GO-WB5","W/Berg Still 1x5lt each",30,456.52,42
"Total","Mageu",30/01/2026,"IN-431736","P3388","TOTAL THE OAKS TONNEL PLAZA (CAD)","P.O. Box 1766","Lulekami","1392","","Total Tonnel Plaza Filling St","Cnr Tzaneen Lydenburg Road","Hoedspruit","","084 317 4603","MA001","Mageu  Banana 10x500ml",1,114.76,42
"Total","Mageu",30/01/2026,"IN-431736","P3388","TOTAL THE OAKS TONNEL PLAZA (CAD)","P.O. Box 1766","Lulekami","1392","","Total Tonnel Plaza Filling St","Cnr Tzaneen Lydenburg Road","Hoedspruit","","084 317 4603","MA004","Mageu  Mabele  10x500ml",3,344.28,42
"Total","Mageu",30/01/2026,"IN-431736","P3388","TOTAL THE OAKS TONNEL PLAZA (CAD)","P.O. Box 1766","Lulekami","1392","","Total Tonnel Plaza Filling St","Cnr Tzaneen Lydenburg Road","Hoedspruit","","084 317 4603","MA010","Mageu  Banana  10x1lt",1,148.23,42
"Total","Mageu",30/01/2026,"IN-431736","P3388","TOTAL THE OAKS TONNEL PLAZA (CAD)","P.O. Box 1766","Lulekami","1392","","Total Tonnel Plaza Filling St","Cnr Tzaneen Lydenburg Road","Hoedspruit","","084 317 4603","MA013","Mageu  Mabele 10x1lt",5,741.15,42
"ALL Other","Snack a Juice",30/01/2026,"IN-431737","S70","JIMMY KEKANA","","","","","","","","","082 299 3683","SJ403","Snack a Juice Mango 100% 4x3lit",1,236.84,30
"ALL Other","Snack a Juice",30/01/2026,"IN-431737","S70","JIMMY KEKANA","","","","","","","","","082 299 3683","SJ409","Snack a Juice Cranberry 100% 4x3lit",1,236.84,30
"ALL Other","Bromor Foods",30/01/2026,"IN-431738","S99","FREDDIE MAPHALLE","","","","","","","","","","BR011","Oros Orange  24X300ML",1,163.24,30
"ALL Other","Novelties",30/01/2026,"IN-431738","S99","FREDDIE MAPHALLE","","","","","","","","","","CP48","Crazy Pops Small  Box 48",1,34,30
"ALL Other","Bromor Foods",30/01/2026,"IN-431739","S95","LUCAS NONG","","","","","","","","","015 293 0704","BR019","Oros Guava  24X300ML",1,163.24,30
"ALL Other","National Brands",30/01/2026,"IN-431740","S87","JOHANNES MONGALO","","","","","","","","","015 293 0704","NB10951","Bkrs Toppers Choc 12x125g",1,114.50,30
"ALL Other","Squeeze Mee",30/01/2026,"IN-431741","P689","MIGHTY TRADERS (PTY)LTD CAD","26 DELAREY STREET","LOUIS TRICHARDT","","","26 DELAREY STREET","LOUIS TRICHARDT","","","084 760 2728","SQ002","Squeeze-Mee Strawberry 40x130ml",1,298.70,15
"ALL Other","Bromor Foods",30/01/2026,"IN-431742","P3460","FUSION FITNESS (CAD)","Kuter Singel Nr 1","Bredastraat","Makhado","0920","Kuter Singel Nr 1","Bredastraat","Makhado","0920","073 164 1777 Gert","BR002","Energade Naartjie 24X500ML",1,239.56,15
"ALL Other","Bromor Foods",30/01/2026,"IN-431742","P3460","FUSION FITNESS (CAD)","Kuter Singel Nr 1","Bredastraat","Makhado","0920","Kuter Singel Nr 1","Bredastraat","Makhado","0920","073 164 1777 Gert","BR004","Energade Tropical  24X500ML",1,239.56,15
"ALL Other","Energy Drinks",30/01/2026,"IN-431742","P3460","FUSION FITNESS (CAD)","Kuter Singel Nr 1","Bredastraat","Makhado","0920","Kuter Singel Nr 1","Bredastraat","Makhado","0920","073 164 1777 Gert","DRA008","Dragon Energy S/free 24x500ml",3,600,15
"ALL Other","Energy Drinks",30/01/2026,"IN-431743","P2540","BANDELIERKOP MAIZE DEPOT(Pty)Ltd (I)","P.O. Box5","Bandelierkop","","0800","Farm Waagkraal 372","Bandelierkop","Makhado","0800","073 200 5829 Tanya","DRA002","Dragon Energy Drinks 24x500ml",2,400,15
"ALL Other","Energy Drinks",30/01/2026,"IN-431743","P2540","BANDELIERKOP MAIZE DEPOT(Pty)Ltd (I)","P.O. Box5","Bandelierkop","","0800","Farm Waagkraal 372","Bandelierkop","Makhado","0800","073 200 5829 Tanya","SWI001","Switch Original 24x500ml",1,184.35,15
"ALL Other","Energy Drinks",30/01/2026,"IN-431743","P2540","BANDELIERKOP MAIZE DEPOT(Pty)Ltd (I)","P.O. Box5","Bandelierkop","","0800","Farm Waagkraal 372","Bandelierkop","Makhado","0800","073 200 5829 Tanya","SWI008","Switch Bok Green Citrus Pine 24x500ml",1,184.35,15
"ALL Other","Energy Drinks",30/01/2026,"IN-431743","P2540","BANDELIERKOP MAIZE DEPOT(Pty)Ltd (I)","P.O. Box5","Bandelierkop","","0800","Farm Waagkraal 372","Bandelierkop","Makhado","0800","073 200 5829 Tanya","SWI023","Switch Dry Lemon 24x500ml",1,184.35,15
"ALL Other","SG - Wrigley's",30/01/2026,"IN-431744","P2341","PETBROS PETROLIUM t/a ALPHA MOTORS (I)","P.O. Box 391","","Vaalwater","0530","1 Voortrekker Road","","Vaalwater","0530","082 600 2123 Chris","AIR201","W/R Gum Airwave Men/Euc 30",1,295.20,11
"ALL Other","SG - Wrigley's",30/01/2026,"IN-431744","P2341","PETBROS PETROLIUM t/a ALPHA MOTORS (I)","P.O. Box 391","","Vaalwater","0530","1 Voortrekker Road","","Vaalwater","0530","082 600 2123 Chris","AIR203","W/R Gum Airwave  B/current 30",1,295.20,11
"ALL Other","SG - Wrigley's",30/01/2026,"IN-431744","P2341","PETBROS PETROLIUM t/a ALPHA MOTORS (I)","P.O. Box 391","","Vaalwater","0530","1 Voortrekker Road","","Vaalwater","0530","082 600 2123 Chris","AIR205","W/R Gum Airwave  Cher/Men 30",1,295.20,11
"ALL Other","Sweets",30/01/2026,"IN-431744","P2341","PETBROS PETROLIUM t/a ALPHA MOTORS (I)","P.O. Box 391","","Vaalwater","0530","1 Voortrekker Road","","Vaalwater","0530","082 600 2123 Chris","B8530","Wilson XXX Lozengers Mint 48x31.2g",1,187.38,11
"ALL Other","Sweets",30/01/2026,"IN-431744","P2341","PETBROS PETROLIUM t/a ALPHA MOTORS (I)","P.O. Box 391","","Vaalwater","0530","1 Voortrekker Road","","Vaalwater","0530","082 600 2123 Chris","B8531","Wilson XXX Lozengers Musk 48x31.2g",1,187.38,11
"ALL Other","Clippa",30/01/2026,"IN-431744","P2341","PETBROS PETROLIUM t/a ALPHA MOTORS (I)","P.O. Box 391","","Vaalwater","0530","1 Voortrekker Road","","Vaalwater","0530","082 600 2123 Chris","MEN003","Mentos Rolls S/berry 40",1,312.50,11
"ALL Other","Clippa",30/01/2026,"IN-431744","P2341","PETBROS PETROLIUM t/a ALPHA MOTORS (I)","P.O. Box 391","","Vaalwater","0530","1 Voortrekker Road","","Vaalwater","0530","082 600 2123 Chris","MEN007","Mentos Rolls Rainbow 40",1,312.50,11
"ALL Other","Clippa",30/01/2026,"IN-431744","P2341","PETBROS PETROLIUM t/a ALPHA MOTORS (I)","P.O. Box 391","","Vaalwater","0530","1 Voortrekker Road","","Vaalwater","0530","082 600 2123 Chris","MEN009","Mentos Discovery Roll 40",1,312.50,11
"ALL Other","SG - Wrigley's",30/01/2026,"IN-431744","P2341","PETBROS PETROLIUM t/a ALPHA MOTORS (I)","P.O. Box 391","","Vaalwater","0530","1 Voortrekker Road","","Vaalwater","0530","082 600 2123 Chris","SKI002","Skittles Fruit 14x38g",1,125.58,11
"ALL Other","SG - Wrigley's",30/01/2026,"IN-431745","P3720","GIGIS  MINIMARK PTY( LTD (3 DAYS EFT)","P.O.BOX 110","VAALWATER","","","GEDEELTE 24 PLAAS BOEKENHOUTKLOOF RR187","ALMA DISTRIK RR33","WATERBERG","ALMA","014 161 0757","AIR206","W/R Gum Airwaves B/Mint 30",1,295.20,11
"ALL Other","Sweets",30/01/2026,"IN-431745","P3720","GIGIS  MINIMARK PTY( LTD (3 DAYS EFT)","P.O.BOX 110","VAALWATER","","","GEDEELTE 24 PLAAS BOEKENHOUTKLOOF RR187","ALMA DISTRIK RR33","WATERBERG","ALMA","014 161 0757","B2920","Fizz Pop Cherry Tub 40's",3,176.88,11
"ALL Other","Sweets",30/01/2026,"IN-431745","P3720","GIGIS  MINIMARK PTY( LTD (3 DAYS EFT)","P.O.BOX 110","VAALWATER","","","GEDEELTE 24 PLAAS BOEKENHOUTKLOOF RR187","ALMA DISTRIK RR33","WATERBERG","ALMA","014 161 0757","B2922","Fizz Pop Apple Tub 40's",3,176.88,11
"ALL Other","Sweets",30/01/2026,"IN-431745","P3720","GIGIS  MINIMARK PTY( LTD (3 DAYS EFT)","P.O.BOX 110","VAALWATER","","","GEDEELTE 24 PLAAS BOEKENHOUTKLOOF RR187","ALMA DISTRIK RR33","WATERBERG","ALMA","014 161 0757","B8504","Wilson's Toffo Cream Caramel 20x150g",1,640.17,11
"ALL Other","SG - Wrigley's",30/01/2026,"IN-431746","P2448","PHALABORWA PLASTICS CC (30 D FROM INV)","P.O. Box 273","","Phalaborwa","1390","Sealene Street","Sealene Centre shop 9 & 10","Phalaborwa","1390","015 781 6448","AIR206","W/R Gum Airwaves B/Mint 30",1,295.20,43
"ALL Other","Sweets",30/01/2026,"IN-431746","P2448","PHALABORWA PLASTICS CC (30 D FROM INV)","P.O. Box 273","","Phalaborwa","1390","Sealene Street","Sealene Centre shop 9 & 10","Phalaborwa","1390","015 781 6448","B1955","Jungle Energy Bar Yoghurt 30's",3,876.48,43
"ALL Other","Clippa",30/01/2026,"IN-431746","P2448","PHALABORWA PLASTICS CC (30 D FROM INV)","P.O. Box 273","","Phalaborwa","1390","Sealene Street","Sealene Centre shop 9 & 10","Phalaborwa","1390","015 781 6448","MEN022","Mentos Gum Bot Curvy PF Wintergr (35ps)1x6",1,156,43
"ALL Other","Clippa",30/01/2026,"IN-431746","P2448","PHALABORWA PLASTICS CC (30 D FROM INV)","P.O. Box 273","","Phalaborwa","1390","Sealene Street","Sealene Centre shop 9 & 10","Phalaborwa","1390","015 781 6448","MEN023","Mentos Gum Bot Curvy Strawberry (35ps)1x6",1,156,43
"ALL Other","Clippa",30/01/2026,"IN-431746","P2448","PHALABORWA PLASTICS CC (30 D FROM INV)","P.O. Box 273","","Phalaborwa","1390","Sealene Street","Sealene Centre shop 9 & 10","Phalaborwa","1390","015 781 6448","MEN024","Mentos Gum Bot Curvy Spearmint (35ps)1x6",1,156,43
"ALL Other","Clippa",30/01/2026,"IN-431746","P2448","PHALABORWA PLASTICS CC (30 D FROM INV)","P.O. Box 273","","Phalaborwa","1390","Sealene Street","Sealene Centre shop 9 & 10","Phalaborwa","1390","015 781 6448","MEN025","Mentos Gum Bot Curvy Bubble Fresh (35ps)1x6",1,156,43
"ALL Other","Clippa",30/01/2026,"IN-431746","P2448","PHALABORWA PLASTICS CC (30 D FROM INV)","P.O. Box 273","","Phalaborwa","1390","Sealene Street","Sealene Centre shop 9 & 10","Phalaborwa","1390","015 781 6448","MEN054","Mentos Gum PF Strawberry 1x18",1,152.50,43
"ALL Other","Clippa",30/01/2026,"IN-431746","P2448","PHALABORWA PLASTICS CC (30 D FROM INV)","P.O. Box 273","","Phalaborwa","1390","Sealene Street","Sealene Centre shop 9 & 10","Phalaborwa","1390","015 781 6448","MEN080","Mentos Incr Chew Stick Straw 10pc 12X47G",1,120,43
"ALL Other","Clippa",30/01/2026,"IN-431746","P2448","PHALABORWA PLASTICS CC (30 D FROM INV)","P.O. Box 273","","Phalaborwa","1390","Sealene Street","Sealene Centre shop 9 & 10","Phalaborwa","1390","015 781 6448","MEN081","Mentos Incr Chew Stick Pas/Fruit 10pc 12X47G",2,240,43
"ALL Other","Clippa",30/01/2026,"IN-431746","P2448","PHALABORWA PLASTICS CC (30 D FROM INV)","P.O. Box 273","","Phalaborwa","1390","Sealene Street","Sealene Centre shop 9 & 10","Phalaborwa","1390","015 781 6448","MEN082","Mentos Incr Chew Stick P/Apple 10pc 12X47G",2,240,43
"ALL Other","Nestle",30/01/2026,"IN-431746","P2448","PHALABORWA PLASTICS CC (30 D FROM INV)","P.O. Box 273","","Phalaborwa","1390","Sealene Street","Sealene Centre shop 9 & 10","Phalaborwa","1390","015 781 6448","NESCAP002","Nescafe Gold Cappuchino Org 1 x (10x18g)",3,171,43
"ALL Other","SG - Wrigley's",30/01/2026,"IN-431746","P2448","PHALABORWA PLASTICS CC (30 D FROM INV)","P.O. Box 273","","Phalaborwa","1390","Sealene Street","Sealene Centre shop 9 & 10","Phalaborwa","1390","015 781 6448","ORB179","Wrigley OTC Orbit Strawberry 30",1,256.20,43
"ALL Other","SG - Wrigley's",30/01/2026,"IN-431746","P2448","PHALABORWA PLASTICS CC (30 D FROM INV)","P.O. Box 273","","Phalaborwa","1390","Sealene Street","Sealene Centre shop 9 & 10","Phalaborwa","1390","015 781 6448","ORB190","Wrigley Orbit Trop SXC 6x30Piece",1,231.78,43
"ALL Other","SG - Wrigley's",30/01/2026,"IN-431746","P2448","PHALABORWA PLASTICS CC (30 D FROM INV)","P.O. Box 273","","Phalaborwa","1390","Sealene Street","Sealene Centre shop 9 & 10","Phalaborwa","1390","015 781 6448","ORB191","Wrigley Orbit Bubblemint SXC 6x30Piece",1,231.78,43
"Engen","Foxi Snax",30/01/2026,"IN-431747","P1645","FUJI SHOP (7 D - I)","P. O. Box 474","Makhado","0920","","141 Krogh Street","At Mount Fuju Motors Engen","Makhado","0920","015 516 6503","FN021","Foxi Nax Beef 40x75g",1,216.53,15
"Engen","Foxi Snax",30/01/2026,"IN-431747","P1645","FUJI SHOP (7 D - I)","P. O. Box 474","Makhado","0920","","141 Krogh Street","At Mount Fuju Motors Engen","Makhado","0920","015 516 6503","FN023","Foxi Nax Salt Vinegar 40x75g",1,216.53,15
"Engen","Foxi Snax",30/01/2026,"IN-431747","P1645","FUJI SHOP (7 D - I)","P. O. Box 474","Makhado","0920","","141 Krogh Street","At Mount Fuju Motors Engen","Makhado","0920","015 516 6503","FN025","Foxi Nax BBQ 40x75g",1,216.53,15
"Engen","Dairy Products",30/01/2026,"IN-431747","P1645","FUJI SHOP (7 D - I)","P. O. Box 474","Makhado","0920","","141 Krogh Street","At Mount Fuju Motors Engen","Makhado","0920","015 516 6503","SQ201","SQ D/Thick 12x300ml Chocolate",1,134.78,15
"ALL Other","Bromor Foods",30/01/2026,"IN-431748","P2341","PETBROS PETROLIUM t/a ALPHA MOTORS (I)","P.O. Box 391","","Vaalwater","0530","1 Voortrekker Road","","Vaalwater","0530","082 600 2123 Chris","BR011","Oros Orange  24X300ML",1,163.24,11
"ALL Other","Bromor Foods",30/01/2026,"IN-431748","P2341","PETBROS PETROLIUM t/a ALPHA MOTORS (I)","P.O. Box 391","","Vaalwater","0530","1 Voortrekker Road","","Vaalwater","0530","082 600 2123 Chris","BR019","Oros Guava  24X300ML",1,163.24,11
"ALL Other","Foxi Snax",30/01/2026,"IN-431748","P2341","PETBROS PETROLIUM t/a ALPHA MOTORS (I)","P.O. Box 391","","Vaalwater","0530","1 Voortrekker Road","","Vaalwater","0530","082 600 2123 Chris","FN030","Foxi Nax Mixed 40x75g",1,216.53,11
"ALL Other","Aquelle",30/01/2026,"IN-431748","P2341","PETBROS PETROLIUM t/a ALPHA MOTORS (I)","P.O. Box 391","","Vaalwater","0530","1 Voortrekker Road","","Vaalwater","0530","082 600 2123 Chris","QU202","aQuelle Sparkling 6x500ml",6,195.60,11
"ALL Other","Aquelle",30/01/2026,"IN-431748","P2341","PETBROS PETROLIUM t/a ALPHA MOTORS (I)","P.O. Box 391","","Vaalwater","0530","1 Voortrekker Road","","Vaalwater","0530","082 600 2123 Chris","QU301","aQuelle Still 6x750ml",6,302.40,11
"ALL Other","Aquelle",30/01/2026,"IN-431748","P2341","PETBROS PETROLIUM t/a ALPHA MOTORS (I)","P.O. Box 391","","Vaalwater","0530","1 Voortrekker Road","","Vaalwater","0530","082 600 2123 Chris","QU402","aQuelle Sparkling 6x1.5lt",2,109.20,11
"ALL Other","Aquelle",30/01/2026,"IN-431748","P2341","PETBROS PETROLIUM t/a ALPHA MOTORS (I)","P.O. Box 391","","Vaalwater","0530","1 Voortrekker Road","","Vaalwater","0530","082 600 2123 Chris","QU601","aQuelle Litchi 6x500ml",1,42,11
"ALL Other","Aquelle",30/01/2026,"IN-431748","P2341","PETBROS PETROLIUM t/a ALPHA MOTORS (I)","P.O. Box 391","","Vaalwater","0530","1 Voortrekker Road","","Vaalwater","0530","082 600 2123 Chris","QU602","aQuelle Naartjie 6x500ml",1,42,11
"ALL Other","Aquelle",30/01/2026,"IN-431748","P2341","PETBROS PETROLIUM t/a ALPHA MOTORS (I)","P.O. Box 391","","Vaalwater","0530","1 Voortrekker Road","","Vaalwater","0530","082 600 2123 Chris","QU603","aQuelle Strawberry 6x500ml",1,42,11
"ALL Other","Aquelle",30/01/2026,"IN-431748","P2341","PETBROS PETROLIUM t/a ALPHA MOTORS (I)","P.O. Box 391","","Vaalwater","0530","1 Voortrekker Road","","Vaalwater","0530","082 600 2123 Chris","QU604","aQuelle Lemon 6x500ml",1,42,11
"ALL Other","Aquelle",30/01/2026,"IN-431748","P2341","PETBROS PETROLIUM t/a ALPHA MOTORS (I)","P.O. Box 391","","Vaalwater","0530","1 Voortrekker Road","","Vaalwater","0530","082 600 2123 Chris","QU605","aQuelle Granadilla 6x500ml",1,42,11
"ALL Other","Aquelle",30/01/2026,"IN-431748","P2341","PETBROS PETROLIUM t/a ALPHA MOTORS (I)","P.O. Box 391","","Vaalwater","0530","1 Voortrekker Road","","Vaalwater","0530","082 600 2123 Chris","QU607","aQuelle Marula 6x500ml",1,42,11
"ALL Other","Aquelle",30/01/2026,"IN-431748","P2341","PETBROS PETROLIUM t/a ALPHA MOTORS (I)","P.O. Box 391","","Vaalwater","0530","1 Voortrekker Road","","Vaalwater","0530","082 600 2123 Chris","QU702","aQuelle Naartjie 6x1.5lt",1,79.80,11
"ALL Other","Aquelle",30/01/2026,"IN-431748","P2341","PETBROS PETROLIUM t/a ALPHA MOTORS (I)","P.O. Box 391","","Vaalwater","0530","1 Voortrekker Road","","Vaalwater","0530","082 600 2123 Chris","QU704","aQuelle Lemon 6x1.5lt",1,79.80,11
"ALL Other","Aquelle",30/01/2026,"IN-431748","P2341","PETBROS PETROLIUM t/a ALPHA MOTORS (I)","P.O. Box 391","","Vaalwater","0530","1 Voortrekker Road","","Vaalwater","0530","082 600 2123 Chris","QU705","aQuelle Granadilla 6x1.5lt",1,79.80,11
"ALL Other","Snack a Juice",30/01/2026,"IN-431748","P2341","PETBROS PETROLIUM t/a ALPHA MOTORS (I)","P.O. Box 391","","Vaalwater","0530","1 Voortrekker Road","","Vaalwater","0530","082 600 2123 Chris","SJ200","SJ Ass S/C 24x500ml",1,356.74,11
"ALL Other","Dairy Products",30/01/2026,"IN-431748","P2341","PETBROS PETROLIUM t/a ALPHA MOTORS (I)","P.O. Box 391","","Vaalwater","0530","1 Voortrekker Road","","Vaalwater","0530","082 600 2123 Chris","SQ201","SQ D/Thick 12x300ml Chocolate",1,134.78,11
"ALL Other","Energy Drinks",30/01/2026,"IN-431748","P2341","PETBROS PETROLIUM t/a ALPHA MOTORS (I)","P.O. Box 391","","Vaalwater","0530","1 Voortrekker Road","","Vaalwater","0530","082 600 2123 Chris","SWI001","Switch Original 24x500ml",1,184.35,11
"ALL Other","Energy Drinks",30/01/2026,"IN-431748","P2341","PETBROS PETROLIUM t/a ALPHA MOTORS (I)","P.O. Box 391","","Vaalwater","0530","1 Voortrekker Road","","Vaalwater","0530","082 600 2123 Chris","SWI007","Switch Cranberry/Cherry 24x500ml",1,184.35,11
"ALL Other","Energy Drinks",30/01/2026,"IN-431748","P2341","PETBROS PETROLIUM t/a ALPHA MOTORS (I)","P.O. Box 391","","Vaalwater","0530","1 Voortrekker Road","","Vaalwater","0530","082 600 2123 Chris","SWI008","Switch Bok Green Citrus Pine 24x500ml",1,184.35,11
"ALL Other","Energy Drinks",30/01/2026,"IN-431748","P2341","PETBROS PETROLIUM t/a ALPHA MOTORS (I)","P.O. Box 391","","Vaalwater","0530","1 Voortrekker Road","","Vaalwater","0530","082 600 2123 Chris","SWI019","Switch Mango Peach 24x500ml",1,184.35,11
"ALL Other","Energy Drinks",30/01/2026,"IN-431748","P2341","PETBROS PETROLIUM t/a ALPHA MOTORS (I)","P.O. Box 391","","Vaalwater","0530","1 Voortrekker Road","","Vaalwater","0530","082 600 2123 Chris","SWI033","Switch Kiwi/Mango/Straw 24x500ml",1,184.35,11
"ALL Other","Energy Drinks",30/01/2026,"IN-431748","P2341","PETBROS PETROLIUM t/a ALPHA MOTORS (I)","P.O. Box 391","","Vaalwater","0530","1 Voortrekker Road","","Vaalwater","0530","082 600 2123 Chris","SWI039","Switch Tropical 24x500ml",1,184.35,11
"ALL Other","Energy Drinks",30/01/2026,"IN-431748","P2341","PETBROS PETROLIUM t/a ALPHA MOTORS (I)","P.O. Box 391","","Vaalwater","0530","1 Voortrekker Road","","Vaalwater","0530","082 600 2123 Chris","V24BB500","Vita24 Blue Berry 500ml 1x6 pack",2,216.21,11
"ALL Other","Energy Drinks",30/01/2026,"IN-431748","P2341","PETBROS PETROLIUM t/a ALPHA MOTORS (I)","P.O. Box 391","","Vaalwater","0530","1 Voortrekker Road","","Vaalwater","0530","082 600 2123 Chris","V24RB500","Vita24 Red Berry 500ml 1x6 pack",2,216.21,11
"ALL Other","Energy Drinks",30/01/2026,"IN-431748","P2341","PETBROS PETROLIUM t/a ALPHA MOTORS (I)","P.O. Box 391","","Vaalwater","0530","1 Voortrekker Road","","Vaalwater","0530","082 600 2123 Chris","V24TZ500","Vita24 Tangerine 500ml 1x6 pack",2,216.21,11
"ALL Other","Waterberg NEW",30/01/2026,"IN-431748","P2341","PETBROS PETROLIUM t/a ALPHA MOTORS (I)","P.O. Box 391","","Vaalwater","0530","1 Voortrekker Road","","Vaalwater","0530","082 600 2123 Chris","WBNEW1.5L","W/B Spring Water Still 12x1,5L",13,1130.43,11
"Spar","Squeeze Mee",30/01/2026,"IN-431749","SP068","","SPAR NORTH RAND(11691)","P.O.BOX 528","CLAYVILLE","OLIFANTFONTEIN","ZEEDERBERG SPAR (80570)","MAIN RD","VAALWATER","VATNO:4760263469","","SQ001","Squeeze-Mee Chocolate 40x130ml",1,298.67,11
"Spar","Squeeze Mee",30/01/2026,"IN-431749","SP068","","SPAR NORTH RAND(11691)","P.O.BOX 528","CLAYVILLE","OLIFANTFONTEIN","ZEEDERBERG SPAR (80570)","MAIN RD","VAALWATER","VATNO:4760263469","","SQ002","Squeeze-Mee Strawberry 40x130ml",1,298.67,11
"Spar","Squeeze Mee",30/01/2026,"IN-431749","SP068","","SPAR NORTH RAND(11691)","P.O.BOX 528","CLAYVILLE","OLIFANTFONTEIN","ZEEDERBERG SPAR (80570)","MAIN RD","VAALWATER","VATNO:4760263469","","SQ004","Squeeze-Mee Vanilla 40x130ml",1,298.67,11
"Spar","Squeeze Mee",30/01/2026,"IN-431749","SP068","","SPAR NORTH RAND(11691)","P.O.BOX 528","CLAYVILLE","OLIFANTFONTEIN","ZEEDERBERG SPAR (80570)","MAIN RD","VAALWATER","VATNO:4760263469","","SQ011","Squeeze-Mee Tof/Car 40x130ml",1,298.67,11
"ALL Other","Squeeze Mee",30/01/2026,"IN-431750","P2341","PETBROS PETROLIUM t/a ALPHA MOTORS (I)","P.O. Box 391","","Vaalwater","0530","1 Voortrekker Road","","Vaalwater","0530","082 600 2123 Chris","SQ004","Squeeze-Mee Vanilla 40x130ml",1,298.70,11
"ALL Other","Squeeze Mee",30/01/2026,"IN-431750","P2341","PETBROS PETROLIUM t/a ALPHA MOTORS (I)","P.O. Box 391","","Vaalwater","0530","1 Voortrekker Road","","Vaalwater","0530","082 600 2123 Chris","SQ011","Squeeze-Mee Tof/Car 40x130ml",1,298.70,11
"Engen","Squeeze Mee",30/01/2026,"IN-431751","P1645","FUJI SHOP (7 D - I)","P. O. Box 474","Makhado","0920","","141 Krogh Street","At Mount Fuju Motors Engen","Makhado","0920","015 516 6503","SQ002","Squeeze-Mee Strawberry 40x130ml",1,298.70,15
"Engen","Squeeze Mee",30/01/2026,"IN-431751","P1645","FUJI SHOP (7 D - I)","P. O. Box 474","Makhado","0920","","141 Krogh Street","At Mount Fuju Motors Engen","Makhado","0920","015 516 6503","SQ003","Squeeze-Mee Bubblegum 40x130ml",1,298.70,15
"Engen","Squeeze Mee",30/01/2026,"IN-431751","P1645","FUJI SHOP (7 D - I)","P. O. Box 474","Makhado","0920","","141 Krogh Street","At Mount Fuju Motors Engen","Makhado","0920","015 516 6503","SQ004","Squeeze-Mee Vanilla 40x130ml",1,298.70,15
"Engen","Squeeze Mee",30/01/2026,"IN-431751","P1645","FUJI SHOP (7 D - I)","P. O. Box 474","Makhado","0920","","141 Krogh Street","At Mount Fuju Motors Engen","Makhado","0920","015 516 6503","SQ011","Squeeze-Mee Tof/Car 40x130ml",1,298.70,15
"ALL Other","Squeeze Mee",30/01/2026,"IN-431752","P3720","GIGIS  MINIMARK PTY( LTD (3 DAYS EFT)","P.O.BOX 110","VAALWATER","","","GEDEELTE 24 PLAAS BOEKENHOUTKLOOF RR187","ALMA DISTRIK RR33","WATERBERG","ALMA","014 161 0757","SQ001","Squeeze-Mee Chocolate 40x130ml",1,298.70,11
"ALL Other","Squeeze Mee",30/01/2026,"IN-431752","P3720","GIGIS  MINIMARK PTY( LTD (3 DAYS EFT)","P.O.BOX 110","VAALWATER","","","GEDEELTE 24 PLAAS BOEKENHOUTKLOOF RR187","ALMA DISTRIK RR33","WATERBERG","ALMA","014 161 0757","SQ002","Squeeze-Mee Strawberry 40x130ml",1,298.70,11
"ALL Other","Squeeze Mee",30/01/2026,"IN-431752","P3720","GIGIS  MINIMARK PTY( LTD (3 DAYS EFT)","P.O.BOX 110","VAALWATER","","","GEDEELTE 24 PLAAS BOEKENHOUTKLOOF RR187","ALMA DISTRIK RR33","WATERBERG","ALMA","014 161 0757","SQ003","Squeeze-Mee Bubblegum 40x130ml",1,298.70,11
"ALL Other","Squeeze Mee",30/01/2026,"IN-431752","P3720","GIGIS  MINIMARK PTY( LTD (3 DAYS EFT)","P.O.BOX 110","VAALWATER","","","GEDEELTE 24 PLAAS BOEKENHOUTKLOOF RR187","ALMA DISTRIK RR33","WATERBERG","ALMA","014 161 0757","SQ004","Squeeze-Mee Vanilla 40x130ml",1,298.70,11
"ALL Other","Squeeze Mee",30/01/2026,"IN-431752","P3720","GIGIS  MINIMARK PTY( LTD (3 DAYS EFT)","P.O.BOX 110","VAALWATER","","","GEDEELTE 24 PLAAS BOEKENHOUTKLOOF RR187","ALMA DISTRIK RR33","WATERBERG","ALMA","014 161 0757","SQ011","Squeeze-Mee Tof/Car 40x130ml",1,298.70,11
"ALL Other","Energy Drinks",30/01/2026,"IN-431753","P3720","GIGIS  MINIMARK PTY( LTD (3 DAYS EFT)","P.O.BOX 110","VAALWATER","","","GEDEELTE 24 PLAAS BOEKENHOUTKLOOF RR187","ALMA DISTRIK RR33","WATERBERG","ALMA","014 161 0757","BM001","Best Malt Marula 24x500ml",1,234,11
"ALL Other","Foxi Snax",30/01/2026,"IN-431753","P3720","GIGIS  MINIMARK PTY( LTD (3 DAYS EFT)","P.O.BOX 110","VAALWATER","","","GEDEELTE 24 PLAAS BOEKENHOUTKLOOF RR187","ALMA DISTRIK RR33","WATERBERG","ALMA","014 161 0757","FN000","Foxi Nax MIX 50x22g",1,73.04,11
"ALL Other","Foxi Snax",30/01/2026,"IN-431753","P3720","GIGIS  MINIMARK PTY( LTD (3 DAYS EFT)","P.O.BOX 110","VAALWATER","","","GEDEELTE 24 PLAAS BOEKENHOUTKLOOF RR187","ALMA DISTRIK RR33","WATERBERG","ALMA","014 161 0757","FN021","Foxi Nax Beef 40x75g",1,216.53,11
"ALL Other","Foxi Snax",30/01/2026,"IN-431753","P3720","GIGIS  MINIMARK PTY( LTD (3 DAYS EFT)","P.O.BOX 110","VAALWATER","","","GEDEELTE 24 PLAAS BOEKENHOUTKLOOF RR187","ALMA DISTRIK RR33","WATERBERG","ALMA","014 161 0757","FN023","Foxi Nax Salt Vinegar 40x75g",1,216.53,11
"ALL Other","Foxi Snax",30/01/2026,"IN-431753","P3720","GIGIS  MINIMARK PTY( LTD (3 DAYS EFT)","P.O.BOX 110","VAALWATER","","","GEDEELTE 24 PLAAS BOEKENHOUTKLOOF RR187","ALMA DISTRIK RR33","WATERBERG","ALMA","014 161 0757","FN025","Foxi Nax BBQ 40x75g",1,216.53,11
"ALL Other","Foxi Snax",30/01/2026,"IN-431753","P3720","GIGIS  MINIMARK PTY( LTD (3 DAYS EFT)","P.O.BOX 110","VAALWATER","","","GEDEELTE 24 PLAAS BOEKENHOUTKLOOF RR187","ALMA DISTRIK RR33","WATERBERG","ALMA","014 161 0757","FN026","Foxi Nax Spicy Tomato 40x75g",1,216.53,11
"ALL Other","Foxi Snax",30/01/2026,"IN-431753","P3720","GIGIS  MINIMARK PTY( LTD (3 DAYS EFT)","P.O.BOX 110","VAALWATER","","","GEDEELTE 24 PLAAS BOEKENHOUTKLOOF RR187","ALMA DISTRIK RR33","WATERBERG","ALMA","014 161 0757","FNP003","Foxi Puffs BBQ 20x50g",1,93.48,11
"ALL Other","Foxi Snax",30/01/2026,"IN-431753","P3720","GIGIS  MINIMARK PTY( LTD (3 DAYS EFT)","P.O.BOX 110","VAALWATER","","","GEDEELTE 24 PLAAS BOEKENHOUTKLOOF RR187","ALMA DISTRIK RR33","WATERBERG","ALMA","014 161 0757","FNP004","Foxi Puffs Spicy Tomato 20x50g",1,93.48,11
"ALL Other","Foxi Snax",30/01/2026,"IN-431753","P3720","GIGIS  MINIMARK PTY( LTD (3 DAYS EFT)","P.O.BOX 110","VAALWATER","","","GEDEELTE 24 PLAAS BOEKENHOUTKLOOF RR187","ALMA DISTRIK RR33","WATERBERG","ALMA","014 161 0757","FNP005","Foxi Puffs Sweet Chilli 20x50g",1,93.48,11
"ALL Other","Snack a Juice",30/01/2026,"IN-431753","P3720","GIGIS  MINIMARK PTY( LTD (3 DAYS EFT)","P.O.BOX 110","VAALWATER","","","GEDEELTE 24 PLAAS BOEKENHOUTKLOOF RR187","ALMA DISTRIK RR33","WATERBERG","ALMA","014 161 0757","SJ008","KAROO Aloe Coconut 24x500ml",1,384.90,11
"ALL Other","Dairy Products",30/01/2026,"IN-431753","P3720","GIGIS  MINIMARK PTY( LTD (3 DAYS EFT)","P.O.BOX 110","VAALWATER","","","GEDEELTE 24 PLAAS BOEKENHOUTKLOOF RR187","ALMA DISTRIK RR33","WATERBERG","ALMA","014 161 0757","SQ201","SQ D/Thick 12x300ml Chocolate",1,134.78,11
"ALL Other","Energy Drinks",30/01/2026,"IN-431753","P3720","GIGIS  MINIMARK PTY( LTD (3 DAYS EFT)","P.O.BOX 110","VAALWATER","","","GEDEELTE 24 PLAAS BOEKENHOUTKLOOF RR187","ALMA DISTRIK RR33","WATERBERG","ALMA","014 161 0757","SWI001","Switch Original 24x500ml",2,368.70,11
"ALL Other","Energy Drinks",30/01/2026,"IN-431753","P3720","GIGIS  MINIMARK PTY( LTD (3 DAYS EFT)","P.O.BOX 110","VAALWATER","","","GEDEELTE 24 PLAAS BOEKENHOUTKLOOF RR187","ALMA DISTRIK RR33","WATERBERG","ALMA","014 161 0757","SWI007","Switch Cranberry/Cherry 24x500ml",1,184.35,11
"ALL Other","Energy Drinks",30/01/2026,"IN-431753","P3720","GIGIS  MINIMARK PTY( LTD (3 DAYS EFT)","P.O.BOX 110","VAALWATER","","","GEDEELTE 24 PLAAS BOEKENHOUTKLOOF RR187","ALMA DISTRIK RR33","WATERBERG","ALMA","014 161 0757","SWI008","Switch Bok Green Citrus Pine 24x500ml",1,184.35,11
"ALL Other","Energy Drinks",30/01/2026,"IN-431753","P3720","GIGIS  MINIMARK PTY( LTD (3 DAYS EFT)","P.O.BOX 110","VAALWATER","","","GEDEELTE 24 PLAAS BOEKENHOUTKLOOF RR187","ALMA DISTRIK RR33","WATERBERG","ALMA","014 161 0757","SWI023","Switch Dry Lemon 24x500ml",1,184.35,11
"ALL Other","Energy Drinks",30/01/2026,"IN-431753","P3720","GIGIS  MINIMARK PTY( LTD (3 DAYS EFT)","P.O.BOX 110","VAALWATER","","","GEDEELTE 24 PLAAS BOEKENHOUTKLOOF RR187","ALMA DISTRIK RR33","WATERBERG","ALMA","014 161 0757","SWI069","Switch Holi Pop Orange 24X500ML",1,184.35,11
"ALL Other","Waterberg NEW",30/01/2026,"IN-431753","P3720","GIGIS  MINIMARK PTY( LTD (3 DAYS EFT)","P.O.BOX 110","VAALWATER","","","GEDEELTE 24 PLAAS BOEKENHOUTKLOOF RR187","ALMA DISTRIK RR33","WATERBERG","ALMA","014 161 0757","WBNEW750","W/B Spring Water Still 12x750ml",2,199.13,11
"ALL Other","Novelties",30/01/2026,"IN-431754","P2448","PHALABORWA PLASTICS CC (30 D FROM INV)","P.O. Box 273","","Phalaborwa","1390","Sealene Street","Sealene Centre shop 9 & 10","Phalaborwa","1390","015 781 6448","CP24","Crazy Pops Large Box 8X24",50,6578.26,43
"ALL Other","Frimax",30/01/2026,"IN-431754","P2448","PHALABORWA PLASTICS CC (30 D FROM INV)","P.O. Box 273","","Phalaborwa","1390","Sealene Street","Sealene Centre shop 9 & 10","Phalaborwa","1390","015 781 6448","FRIM011","Frimax PC Smoked Beef 24x125g",1,326.61,43
"ALL Other","Frimax",30/01/2026,"IN-431754","P2448","PHALABORWA PLASTICS CC (30 D FROM INV)","P.O. Box 273","","Phalaborwa","1390","Sealene Street","Sealene Centre shop 9 & 10","Phalaborwa","1390","015 781 6448","FRIM012","Frimax PC Fruit Chutney 24x125g",1,326.61,43
"ALL Other","Frimax",30/01/2026,"IN-431754","P2448","PHALABORWA PLASTICS CC (30 D FROM INV)","P.O. Box 273","","Phalaborwa","1390","Sealene Street","Sealene Centre shop 9 & 10","Phalaborwa","1390","015 781 6448","FRIM036","Frimax PC Tomato 48x30g",2,375.64,43
"ALL Other","Frimax",30/01/2026,"IN-431754","P2448","PHALABORWA PLASTICS CC (30 D FROM INV)","P.O. Box 273","","Phalaborwa","1390","Sealene Street","Sealene Centre shop 9 & 10","Phalaborwa","1390","015 781 6448","FRIM045","Frimax PC Fried Chicken 48x30g",1,187.82,43
"ALL Other","Waterberg",30/01/2026,"IN-431754","P2448","PHALABORWA PLASTICS CC (30 D FROM INV)","P.O. Box 273","","Phalaborwa","1390","Sealene Street","Sealene Centre shop 9 & 10","Phalaborwa","1390","015 781 6448","GO-WB5","W/Berg Still 1x5lt each",30,456.52,43
"ALL Other","Mageu",30/01/2026,"IN-431754","P2448","PHALABORWA PLASTICS CC (30 D FROM INV)","P.O. Box 273","","Phalaborwa","1390","Sealene Street","Sealene Centre shop 9 & 10","Phalaborwa","1390","015 781 6448","MA013","Mageu  Mabele 10x1lt",3,444.69,43
"ALL Other","Mageu",30/01/2026,"IN-431754","P2448","PHALABORWA PLASTICS CC (30 D FROM INV)","P.O. Box 273","","Phalaborwa","1390","Sealene Street","Sealene Centre shop 9 & 10","Phalaborwa","1390","015 781 6448","MA023","Mague Mabele  6x2lt",1,164.80,43
"ALL Other","National Brands",30/01/2026,"IN-431754","P2448","PHALABORWA PLASTICS CC (30 D FROM INV)","P.O. Box 273","","Phalaborwa","1390","Sealene Street","Sealene Centre shop 9 & 10","Phalaborwa","1390","015 781 6448","NB17485","Bkrs Tennis Doubles 15x125g",1,191,43
"ALL Other","National Brands",30/01/2026,"IN-431754","P2448","PHALABORWA PLASTICS CC (30 D FROM INV)","P.O. Box 273","","Phalaborwa","1390","Sealene Street","Sealene Centre shop 9 & 10","Phalaborwa","1390","015 781 6448","NB17508","Bkrs Choco O Break Choc Mint 15x125g",1,191,43
"ALL Other","The Beverage Co",30/01/2026,"IN-431754","P2448","PHALABORWA PLASTICS CC (30 D FROM INV)","P.O. Box 273","","Phalaborwa","1390","Sealene Street","Sealene Centre shop 9 & 10","Phalaborwa","1390","015 781 6448","P5500214","Reboost 6X4 X 500ml Watemelon",1,155.09,43
"ALL Other","The Beverage Co",30/01/2026,"IN-431754","P2448","PHALABORWA PLASTICS CC (30 D FROM INV)","P.O. Box 273","","Phalaborwa","1390","Sealene Street","Sealene Centre shop 9 & 10","Phalaborwa","1390","015 781 6448","P5500536","Refreshhh 1x12x750ml Apple",1,58.26,43
"ALL Other","The Beverage Co",30/01/2026,"IN-431754","P2448","PHALABORWA PLASTICS CC (30 D FROM INV)","P.O. Box 273","","Phalaborwa","1390","Sealene Street","Sealene Centre shop 9 & 10","Phalaborwa","1390","015 781 6448","P5500537","Refreshhh 1x12x750ml Ginger Beer",1,58.26,43
"ALL Other","The Beverage Co",30/01/2026,"IN-431754","P2448","PHALABORWA PLASTICS CC (30 D FROM INV)","P.O. Box 273","","Phalaborwa","1390","Sealene Street","Sealene Centre shop 9 & 10","Phalaborwa","1390","015 781 6448","P5500538","Refreshhh 1x12x750ml Iron Brew",1,58.26,43
"ALL Other","The Beverage Co",30/01/2026,"IN-431754","P2448","PHALABORWA PLASTICS CC (30 D FROM INV)","P.O. Box 273","","Phalaborwa","1390","Sealene Street","Sealene Centre shop 9 & 10","Phalaborwa","1390","015 781 6448","P730100","Reboost Ener Orig Can 24x500ml",5,775.45,43
"ALL Other","The Beverage Co",30/01/2026,"IN-431754","P2448","PHALABORWA PLASTICS CC (30 D FROM INV)","P.O. Box 273","","Phalaborwa","1390","Sealene Street","Sealene Centre shop 9 & 10","Phalaborwa","1390","015 781 6448","P730157","Reboost Ener Dry Lemon 24x500ml",1,155.09,43
"ALL Other","The Beverage Co",30/01/2026,"IN-431754","P2448","PHALABORWA PLASTICS CC (30 D FROM INV)","P.O. Box 273","","Phalaborwa","1390","Sealene Street","Sealene Centre shop 9 & 10","Phalaborwa","1390","015 781 6448","P860502","Pepsi Max Zero Sugar12x330ml",10,710,43
"ALL Other","Snack a Juice",30/01/2026,"IN-431754","P2448","PHALABORWA PLASTICS CC (30 D FROM INV)","P.O. Box 273","","Phalaborwa","1390","Sealene Street","Sealene Centre shop 9 & 10","Phalaborwa","1390","015 781 6448","SJ200","SJ Ass S/C 24x500ml",2,713.48,43
"ALL Other","Snack a Juice",30/01/2026,"IN-431754","P2448","PHALABORWA PLASTICS CC (30 D FROM INV)","P.O. Box 273","","Phalaborwa","1390","Sealene Street","Sealene Centre shop 9 & 10","Phalaborwa","1390","015 781 6448","SJ201","Snack a Juice Org S/C 100% 24x500ml",1,354.24,43
"ALL Other","Dairy Products",30/01/2026,"IN-431754","P2448","PHALABORWA PLASTICS CC (30 D FROM INV)","P.O. Box 273","","Phalaborwa","1390","Sealene Street","Sealene Centre shop 9 & 10","Phalaborwa","1390","015 781 6448","SQ201","SQ D/Thick 12x300ml Chocolate",1,134.78,43
"ALL Other","Energy Drinks",30/01/2026,"IN-431754","P2448","PHALABORWA PLASTICS CC (30 D FROM INV)","P.O. Box 273","","Phalaborwa","1390","Sealene Street","Sealene Centre shop 9 & 10","Phalaborwa","1390","015 781 6448","SWI001","Switch Original 24x500ml",5,921.74,43
"ALL Other","Energy Drinks",30/01/2026,"IN-431754","P2448","PHALABORWA PLASTICS CC (30 D FROM INV)","P.O. Box 273","","Phalaborwa","1390","Sealene Street","Sealene Centre shop 9 & 10","Phalaborwa","1390","015 781 6448","SWI017","Switch Vit C Orange  24x500ml",5,921.74,43
"ALL Other","Energy Drinks",30/01/2026,"IN-431754","P2448","PHALABORWA PLASTICS CC (30 D FROM INV)","P.O. Box 273","","Phalaborwa","1390","Sealene Street","Sealene Centre shop 9 & 10","Phalaborwa","1390","015 781 6448","SWI019","Switch Mango Peach 24x500ml",2,368.70,43
"ALL Other","Energy Drinks",30/01/2026,"IN-431754","P2448","PHALABORWA PLASTICS CC (30 D FROM INV)","P.O. Box 273","","Phalaborwa","1390","Sealene Street","Sealene Centre shop 9 & 10","Phalaborwa","1390","015 781 6448","SWI022","Switch Jelly Babies 24x500ml",2,368.70,43
"ALL Other","Energy Drinks",30/01/2026,"IN-431754","P2448","PHALABORWA PLASTICS CC (30 D FROM INV)","P.O. Box 273","","Phalaborwa","1390","Sealene Street","Sealene Centre shop 9 & 10","Phalaborwa","1390","015 781 6448","SWI023","Switch Dry Lemon 24x500ml",2,368.70,43
"ALL Other","Energy Drinks",30/01/2026,"IN-431754","P2448","PHALABORWA PLASTICS CC (30 D FROM INV)","P.O. Box 273","","Phalaborwa","1390","Sealene Street","Sealene Centre shop 9 & 10","Phalaborwa","1390","015 781 6448","SWI031","Switch Vitamin C Lemon/Ginger 24x500ml",2,368.70,43
"ALL Other","Energy Drinks",30/01/2026,"IN-431754","P2448","PHALABORWA PLASTICS CC (30 D FROM INV)","P.O. Box 273","","Phalaborwa","1390","Sealene Street","Sealene Centre shop 9 & 10","Phalaborwa","1390","015 781 6448","SWI039","Switch Tropical 24x500ml",3,553.04,43
"ALL Other","Energy Drinks",30/01/2026,"IN-431754","P2448","PHALABORWA PLASTICS CC (30 D FROM INV)","P.O. Box 273","","Phalaborwa","1390","Sealene Street","Sealene Centre shop 9 & 10","Phalaborwa","1390","015 781 6448","SWI048","Switch S/Free Dragonfruit/Berries 24x500ml",2,368.70,43
"ALL Other","Energy Drinks",30/01/2026,"IN-431754","P2448","PHALABORWA PLASTICS CC (30 D FROM INV)","P.O. Box 273","","Phalaborwa","1390","Sealene Street","Sealene Centre shop 9 & 10","Phalaborwa","1390","015 781 6448","SWI051","Switch Vita C Rooibos & Honey 24x500ml",1,184.35,43
"ALL Other","Energy Drinks",30/01/2026,"IN-431754","P2448","PHALABORWA PLASTICS CC (30 D FROM INV)","P.O. Box 273","","Phalaborwa","1390","Sealene Street","Sealene Centre shop 9 & 10","Phalaborwa","1390","015 781 6448","SWI052","Switch Vita C Matcha Green Tea & Lemon 24x500ml",2,368.70,43
"ALL Other","Energy Drinks",30/01/2026,"IN-431754","P2448","PHALABORWA PLASTICS CC (30 D FROM INV)","P.O. Box 273","","Phalaborwa","1390","Sealene Street","Sealene Centre shop 9 & 10","Phalaborwa","1390","015 781 6448","SWI056","Switch Pineapple Mango & Cherry 24x500ml",2,368.70,43
"ALL Other","Energy Drinks",30/01/2026,"IN-431754","P2448","PHALABORWA PLASTICS CC (30 D FROM INV)","P.O. Box 273","","Phalaborwa","1390","Sealene Street","Sealene Centre shop 9 & 10","Phalaborwa","1390","015 781 6448","SWI061","Switch Cola Float 24x500ml",4,737.39,43
"ALL Other","Clippa",30/01/2026,"IN-431754","P2448","PHALABORWA PLASTICS CC (30 D FROM INV)","P.O. Box 273","","Phalaborwa","1390","Sealene Street","Sealene Centre shop 9 & 10","Phalaborwa","1390","015 781 6448","ZOOM001","Zoom Fruity Dairy Ice Lollies 10x10x90ml",5,1155,43
"Engen","Foxi Snax",30/01/2026,"IN-431755","P929","IMPALA PETRO PORT (PTY)LTD CAD/I)","Posbus 1947","Phalaborwa","","0390","Kiaatstraat 1","","Phalaborwa","","015 781 3960","FN001","Foxi Nax Cheese 50x22g",1,73.04,43
"Engen","Foxi Snax",30/01/2026,"IN-431755","P929","IMPALA PETRO PORT (PTY)LTD CAD/I)","Posbus 1947","Phalaborwa","","0390","Kiaatstraat 1","","Phalaborwa","","015 781 3960","FN002","Foxi Nax Beef 50x22g",2,146.09,43
"Engen","Foxi Snax",30/01/2026,"IN-431755","P929","IMPALA PETRO PORT (PTY)LTD CAD/I)","Posbus 1947","Phalaborwa","","0390","Kiaatstraat 1","","Phalaborwa","","015 781 3960","FN004","Foxi Nax Salt Vinegar 50x22g",1,73.04,43
"Engen","Foxi Snax",30/01/2026,"IN-431755","P929","IMPALA PETRO PORT (PTY)LTD CAD/I)","Posbus 1947","Phalaborwa","","0390","Kiaatstraat 1","","Phalaborwa","","015 781 3960","FN005","Foxi Nax Chicken 50x22g",2,146.09,43
"Engen","Foxi Snax",30/01/2026,"IN-431755","P929","IMPALA PETRO PORT (PTY)LTD CAD/I)","Posbus 1947","Phalaborwa","","0390","Kiaatstraat 1","","Phalaborwa","","015 781 3960","FN007","Foxi Nax Spicy Tomato 50x22g",2,146.09,43
"Engen","Foxi Snax",30/01/2026,"IN-431755","P929","IMPALA PETRO PORT (PTY)LTD CAD/I)","Posbus 1947","Phalaborwa","","0390","Kiaatstraat 1","","Phalaborwa","","015 781 3960","FN021","Foxi Nax Beef 40x75g",2,433.05,43
"Engen","Foxi Snax",30/01/2026,"IN-431755","P929","IMPALA PETRO PORT (PTY)LTD CAD/I)","Posbus 1947","Phalaborwa","","0390","Kiaatstraat 1","","Phalaborwa","","015 781 3960","FN023","Foxi Nax Salt Vinegar 40x75g",1,216.53,43
"Engen","Foxi Snax",30/01/2026,"IN-431755","P929","IMPALA PETRO PORT (PTY)LTD CAD/I)","Posbus 1947","Phalaborwa","","0390","Kiaatstraat 1","","Phalaborwa","","015 781 3960","FN025","Foxi Nax BBQ 40x75g",2,433.05,43
"Engen","Foxi Snax",30/01/2026,"IN-431755","P929","IMPALA PETRO PORT (PTY)LTD CAD/I)","Posbus 1947","Phalaborwa","","0390","Kiaatstraat 1","","Phalaborwa","","015 781 3960","FN026","Foxi Nax Spicy Tomato 40x75g",2,433.05,43
"Engen","Frimax",30/01/2026,"IN-431755","P929","IMPALA PETRO PORT (PTY)LTD CAD/I)","Posbus 1947","Phalaborwa","","0390","Kiaatstraat 1","","Phalaborwa","","015 781 3960","FRIM027","Frimax Cheese Rings 12x200g",1,229.56,43
"Engen","Mageu",30/01/2026,"IN-431755","P929","IMPALA PETRO PORT (PTY)LTD CAD/I)","Posbus 1947","Phalaborwa","","0390","Kiaatstraat 1","","Phalaborwa","","015 781 3960","MA001","Mageu  Banana 10x500ml",1,114.76,43
"Engen","Mageu",30/01/2026,"IN-431755","P929","IMPALA PETRO PORT (PTY)LTD CAD/I)","Posbus 1947","Phalaborwa","","0390","Kiaatstraat 1","","Phalaborwa","","015 781 3960","MA004","Mageu  Mabele  10x500ml",2,229.52,43
"Engen","Mageu",30/01/2026,"IN-431755","P929","IMPALA PETRO PORT (PTY)LTD CAD/I)","Posbus 1947","Phalaborwa","","0390","Kiaatstraat 1","","Phalaborwa","","015 781 3960","MA010","Mageu  Banana  10x1lt",1,148.23,43
"Engen","Mageu",30/01/2026,"IN-431755","P929","IMPALA PETRO PORT (PTY)LTD CAD/I)","Posbus 1947","Phalaborwa","","0390","Kiaatstraat 1","","Phalaborwa","","015 781 3960","MA013","Mageu  Mabele 10x1lt",2,296.46,43
"Engen","Snack a Juice",30/01/2026,"IN-431755","P929","IMPALA PETRO PORT (PTY)LTD CAD/I)","Posbus 1947","Phalaborwa","","0390","Kiaatstraat 1","","Phalaborwa","","015 781 3960","SJ202","Snack a Juice C/Tail S/C 100% 24x500ml",1,354.24,43
"Engen","Snack a Juice",30/01/2026,"IN-431755","P929","IMPALA PETRO PORT (PTY)LTD CAD/I)","Posbus 1947","Phalaborwa","","0390","Kiaatstraat 1","","Phalaborwa","","015 781 3960","SJ206","Snack a Juice Litchi S/C 42% 24x500ml",1,354.24,43
"Engen","Snack a Juice",30/01/2026,"IN-431755","P929","IMPALA PETRO PORT (PTY)LTD CAD/I)","Posbus 1947","Phalaborwa","","0390","Kiaatstraat 1","","Phalaborwa","","015 781 3960","SJ208","Snack a Juice Cranb S/C 100% 24x500ml",1,354.24,43
"Engen","Energy Drinks",30/01/2026,"IN-431755","P929","IMPALA PETRO PORT (PTY)LTD CAD/I)","Posbus 1947","Phalaborwa","","0390","Kiaatstraat 1","","Phalaborwa","","015 781 3960","SWI012","Switch G/Fruit Naartjie VIT C 24x500ml",2,368.70,43
"Engen","Energy Drinks",30/01/2026,"IN-431755","P929","IMPALA PETRO PORT (PTY)LTD CAD/I)","Posbus 1947","Phalaborwa","","0390","Kiaatstraat 1","","Phalaborwa","","015 781 3960","SWI031","Switch Vitamin C Lemon/Ginger 24x500ml",2,368.70,43
"Engen","Energy Drinks",30/01/2026,"IN-431755","P929","IMPALA PETRO PORT (PTY)LTD CAD/I)","Posbus 1947","Phalaborwa","","0390","Kiaatstraat 1","","Phalaborwa","","015 781 3960","SWI051","Switch Vita C Rooibos & Honey 24x500ml",2,368.70,43
"Engen","Energy Drinks",30/01/2026,"IN-431755","P929","IMPALA PETRO PORT (PTY)LTD CAD/I)","Posbus 1947","Phalaborwa","","0390","Kiaatstraat 1","","Phalaborwa","","015 781 3960","SWI052","Switch Vita C Matcha Green Tea & Lemon 24x500ml",2,368.70,43
"Engen","Energy Drinks",30/01/2026,"IN-431755","P929","IMPALA PETRO PORT (PTY)LTD CAD/I)","Posbus 1947","Phalaborwa","","0390","Kiaatstraat 1","","Phalaborwa","","015 781 3960","SWI053","Switch Vita C Beetroot & Berries 24x500ml",2,368.70,43
"Engen","Energy Drinks",30/01/2026,"IN-431755","P929","IMPALA PETRO PORT (PTY)LTD CAD/I)","Posbus 1947","Phalaborwa","","0390","Kiaatstraat 1","","Phalaborwa","","015 781 3960","V24BB500","Vita24 Blue Berry 500ml 1x6 pack",4,432.42,43
"Engen","Energy Drinks",30/01/2026,"IN-431755","P929","IMPALA PETRO PORT (PTY)LTD CAD/I)","Posbus 1947","Phalaborwa","","0390","Kiaatstraat 1","","Phalaborwa","","015 781 3960","V24LI500","Vita24 Litchi 500ml 1x6 pack",4,432.42,43
"Engen","Energy Drinks",30/01/2026,"IN-431755","P929","IMPALA PETRO PORT (PTY)LTD CAD/I)","Posbus 1947","Phalaborwa","","0390","Kiaatstraat 1","","Phalaborwa","","015 781 3960","V24PF500","Vita24 Passionfruit 500ml 1x6 pack",4,432.42,43
"Engen","Energy Drinks",30/01/2026,"IN-431755","P929","IMPALA PETRO PORT (PTY)LTD CAD/I)","Posbus 1947","Phalaborwa","","0390","Kiaatstraat 1","","Phalaborwa","","015 781 3960","V24RB500","Vita24 Red Berry 500ml 1x6 pack",4,432.42,43
"Engen","Energy Drinks",30/01/2026,"IN-431755","P929","IMPALA PETRO PORT (PTY)LTD CAD/I)","Posbus 1947","Phalaborwa","","0390","Kiaatstraat 1","","Phalaborwa","","015 781 3960","V24TZ500","Vita24 Tangerine 500ml 1x6 pack",4,432.42,43
"Engen","Waterberg NEW",30/01/2026,"IN-431755","P929","IMPALA PETRO PORT (PTY)LTD CAD/I)","Posbus 1947","Phalaborwa","","0390","Kiaatstraat 1","","Phalaborwa","","015 781 3960","WBNEW1.5L","W/B Spring Water Still 12x1,5L",13,1130.43,43
"ALL Other","Squeeze Mee",30/01/2026,"IN-431756","P2409","BERLOU TRADING CC (3 D EFT)","P.O. box 2483","","Modimolle","0510","27 Nelson Mandela Drive","Modimolle","Nylstroom","0510","014 7172581","SQ001","Squeeze-Mee Chocolate 40x130ml",2,597.39,11
"ALL Other","Squeeze Mee",30/01/2026,"IN-431756","P2409","BERLOU TRADING CC (3 D EFT)","P.O. box 2483","","Modimolle","0510","27 Nelson Mandela Drive","Modimolle","Nylstroom","0510","014 7172581","SQ002","Squeeze-Mee Strawberry 40x130ml",1,298.70,11
"ALL Other","Squeeze Mee",30/01/2026,"IN-431756","P2409","BERLOU TRADING CC (3 D EFT)","P.O. box 2483","","Modimolle","0510","27 Nelson Mandela Drive","Modimolle","Nylstroom","0510","014 7172581","SQ004","Squeeze-Mee Vanilla 40x130ml",1,298.70,11
"ALL Other","Squeeze Mee",30/01/2026,"IN-431756","P2409","BERLOU TRADING CC (3 D EFT)","P.O. box 2483","","Modimolle","0510","27 Nelson Mandela Drive","Modimolle","Nylstroom","0510","014 7172581","SQ011","Squeeze-Mee Tof/Car 40x130ml",2,597.39,11
"ALL Other","Novelties",30/01/2026,"IN-431757","P2409","BERLOU TRADING CC (3 D EFT)","P.O. box 2483","","Modimolle","0510","27 Nelson Mandela Drive","Modimolle","Nylstroom","0510","014 7172581","CP24","Crazy Pops Large Box 8X24",3,464.35,11
"ALL Other","Energy Drinks",30/01/2026,"IN-431757","P2409","BERLOU TRADING CC (3 D EFT)","P.O. box 2483","","Modimolle","0510","27 Nelson Mandela Drive","Modimolle","Nylstroom","0510","014 7172581","DRA002","Dragon Energy Drinks 24x500ml",5,1000,11
"ALL Other","Energy Drinks",30/01/2026,"IN-431757","P2409","BERLOU TRADING CC (3 D EFT)","P.O. box 2483","","Modimolle","0510","27 Nelson Mandela Drive","Modimolle","Nylstroom","0510","014 7172581","DRA003","Dragon Energy Drinks Apple 24x500ml",1,200,11
"ALL Other","Energy Drinks",30/01/2026,"IN-431757","P2409","BERLOU TRADING CC (3 D EFT)","P.O. box 2483","","Modimolle","0510","27 Nelson Mandela Drive","Modimolle","Nylstroom","0510","014 7172581","SWI001","Switch Original 24x500ml",4,737.39,11
"ALL Other","Energy Drinks",30/01/2026,"IN-431757","P2409","BERLOU TRADING CC (3 D EFT)","P.O. box 2483","","Modimolle","0510","27 Nelson Mandela Drive","Modimolle","Nylstroom","0510","014 7172581","SWI008","Switch Bok Green Citrus Pine 24x500ml",2,368.70,11
"ALL Other","Energy Drinks",30/01/2026,"IN-431757","P2409","BERLOU TRADING CC (3 D EFT)","P.O. box 2483","","Modimolle","0510","27 Nelson Mandela Drive","Modimolle","Nylstroom","0510","014 7172581","SWI013","Switch Org B/gum 24x500ml",1,184.35,11
"ALL Other","Energy Drinks",30/01/2026,"IN-431757","P2409","BERLOU TRADING CC (3 D EFT)","P.O. box 2483","","Modimolle","0510","27 Nelson Mandela Drive","Modimolle","Nylstroom","0510","014 7172581","SWI019","Switch Mango Peach 24x500ml",1,184.35,11
"ALL Other","Energy Drinks",30/01/2026,"IN-431757","P2409","BERLOU TRADING CC (3 D EFT)","P.O. box 2483","","Modimolle","0510","27 Nelson Mandela Drive","Modimolle","Nylstroom","0510","014 7172581","SWI023","Switch Dry Lemon 24x500ml",3,553.04,11
"ALL Other","Energy Drinks",30/01/2026,"IN-431757","P2409","BERLOU TRADING CC (3 D EFT)","P.O. box 2483","","Modimolle","0510","27 Nelson Mandela Drive","Modimolle","Nylstroom","0510","014 7172581","SWI041","Biogen Redcurrant/Blueberry  24x500ml",1,184.35,11
"ALL Other","Energy Drinks",30/01/2026,"IN-431757","P2409","BERLOU TRADING CC (3 D EFT)","P.O. box 2483","","Modimolle","0510","27 Nelson Mandela Drive","Modimolle","Nylstroom","0510","014 7172581","SWI046","Switch Vita C Blueberry/Rasberry 24x500ml",1,184.35,11
"ALL Other","Energy Drinks",30/01/2026,"IN-431757","P2409","BERLOU TRADING CC (3 D EFT)","P.O. box 2483","","Modimolle","0510","27 Nelson Mandela Drive","Modimolle","Nylstroom","0510","014 7172581","SWI047","Switch Pink Lemonade 24x500ml",1,184.35,11
"ALL Other","Energy Drinks",30/01/2026,"IN-431757","P2409","BERLOU TRADING CC (3 D EFT)","P.O. box 2483","","Modimolle","0510","27 Nelson Mandela Drive","Modimolle","Nylstroom","0510","014 7172581","SWI049","Switch S/Free G/Dilla & Gooseberry 24x500ml",1,184.35,11
"ALL Other","Energy Drinks",30/01/2026,"IN-431757","P2409","BERLOU TRADING CC (3 D EFT)","P.O. box 2483","","Modimolle","0510","27 Nelson Mandela Drive","Modimolle","Nylstroom","0510","014 7172581","SWI053","Switch Vita C Beetroot & Berries 24x500ml",1,184.35,11
"ALL Other","Energy Drinks",30/01/2026,"IN-431757","P2409","BERLOU TRADING CC (3 D EFT)","P.O. box 2483","","Modimolle","0510","27 Nelson Mandela Drive","Modimolle","Nylstroom","0510","014 7172581","SWI061","Switch Cola Float 24x500ml",1,184.35,11
"ALL Other","Foxi Snax",30/01/2026,"IN-431758","P3532","YOURTRADE 357 (PTY)LTD (7 DAYS EFT)","P.O.BOX 75","VIVO","","","R821 VIVO SAVEMOR/BOTTLE STORE","ARM AMESFORT","VIVO","LIMPOPO","082 525 2194","FN000","Foxi Nax MIX 50x22g",5,365.22,15
"ALL Other","Aquelle",30/01/2026,"IN-431758","P3532","YOURTRADE 357 (PTY)LTD (7 DAYS EFT)","P.O.BOX 75","VIVO","","","R821 VIVO SAVEMOR/BOTTLE STORE","ARM AMESFORT","VIVO","LIMPOPO","082 525 2194","QU001","aQuelle Still Lem/Mint 24x750ml",1,201.25,15
"ALL Other","Aquelle",30/01/2026,"IN-431758","P3532","YOURTRADE 357 (PTY)LTD (7 DAYS EFT)","P.O.BOX 75","VIVO","","","R821 VIVO SAVEMOR/BOTTLE STORE","ARM AMESFORT","VIVO","LIMPOPO","082 525 2194","QU002","aQuelle Still Mang/Passion 24x750ml",1,201.25,15
"ALL Other","Aquelle",30/01/2026,"IN-431758","P3532","YOURTRADE 357 (PTY)LTD (7 DAYS EFT)","P.O.BOX 75","VIVO","","","R821 VIVO SAVEMOR/BOTTLE STORE","ARM AMESFORT","VIVO","LIMPOPO","082 525 2194","QU004","aQuelle Still Peac/Apric 24x750ml",1,201.25,15
"ALL Other","Aquelle",30/01/2026,"IN-431758","P3532","YOURTRADE 357 (PTY)LTD (7 DAYS EFT)","P.O.BOX 75","VIVO","","","R821 VIVO SAVEMOR/BOTTLE STORE","ARM AMESFORT","VIVO","LIMPOPO","082 525 2194","QU301","aQuelle Still 6x750ml",8,403.20,15
"ALL Other","Aquelle",30/01/2026,"IN-431758","P3532","YOURTRADE 357 (PTY)LTD (7 DAYS EFT)","P.O.BOX 75","VIVO","","","R821 VIVO SAVEMOR/BOTTLE STORE","ARM AMESFORT","VIVO","LIMPOPO","082 525 2194","QU501","aQuelle Still 4x5lt",5,417.50,15
"ALL Other","Energy Drinks",30/01/2026,"IN-431758","P3532","YOURTRADE 357 (PTY)LTD (7 DAYS EFT)","P.O.BOX 75","VIVO","","","R821 VIVO SAVEMOR/BOTTLE STORE","ARM AMESFORT","VIVO","LIMPOPO","082 525 2194","SWI001","Switch Original 24x500ml",3,553.04,15
"ALL Other","Energy Drinks",30/01/2026,"IN-431758","P3532","YOURTRADE 357 (PTY)LTD (7 DAYS EFT)","P.O.BOX 75","VIVO","","","R821 VIVO SAVEMOR/BOTTLE STORE","ARM AMESFORT","VIVO","LIMPOPO","082 525 2194","SWI007","Switch Cranberry/Cherry 24x500ml",1,184.35,15
"ALL Other","Energy Drinks",30/01/2026,"IN-431758","P3532","YOURTRADE 357 (PTY)LTD (7 DAYS EFT)","P.O.BOX 75","VIVO","","","R821 VIVO SAVEMOR/BOTTLE STORE","ARM AMESFORT","VIVO","LIMPOPO","082 525 2194","SWI019","Switch Mango Peach 24x500ml",1,184.35,15
"ALL Other","Energy Drinks",30/01/2026,"IN-431758","P3532","YOURTRADE 357 (PTY)LTD (7 DAYS EFT)","P.O.BOX 75","VIVO","","","R821 VIVO SAVEMOR/BOTTLE STORE","ARM AMESFORT","VIVO","LIMPOPO","082 525 2194","SWI039","Switch Tropical 24x500ml",1,184.35,15
"ALL Other","Energy Drinks",30/01/2026,"IN-431758","P3532","YOURTRADE 357 (PTY)LTD (7 DAYS EFT)","P.O.BOX 75","VIVO","","","R821 VIVO SAVEMOR/BOTTLE STORE","ARM AMESFORT","VIVO","LIMPOPO","082 525 2194","SWI058","Switch Prickly Pear 24x500ml",1,184.35,15
"ALL Other","Squeeze Mee",30/01/2026,"IN-431759","P3532","YOURTRADE 357 (PTY)LTD (7 DAYS EFT)","P.O.BOX 75","VIVO","","","R821 VIVO SAVEMOR/BOTTLE STORE","ARM AMESFORT","VIVO","LIMPOPO","082 525 2194","SQ003","Squeeze-Mee Bubblegum 40x130ml",1,298.70,15
"ALL Other","Squeeze Mee",30/01/2026,"IN-431759","P3532","YOURTRADE 357 (PTY)LTD (7 DAYS EFT)","P.O.BOX 75","VIVO","","","R821 VIVO SAVEMOR/BOTTLE STORE","ARM AMESFORT","VIVO","LIMPOPO","082 525 2194","SQ004","Squeeze-Mee Vanilla 40x130ml",1,298.70,15
"ALL Other","Squeeze Mee",30/01/2026,"IN-431759","P3532","YOURTRADE 357 (PTY)LTD (7 DAYS EFT)","P.O.BOX 75","VIVO","","","R821 VIVO SAVEMOR/BOTTLE STORE","ARM AMESFORT","VIVO","LIMPOPO","082 525 2194","SQ011","Squeeze-Mee Tof/Car 40x130ml",1,298.70,15
"ALL Other","Squeeze Mee",30/01/2026,"IN-431760","P2448","PHALABORWA PLASTICS CC (30 D FROM INV)","P.O. Box 273","","Phalaborwa","1390","Sealene Street","Sealene Centre shop 9 & 10","Phalaborwa","1390","015 781 6448","SQ001","Squeeze-Mee Chocolate 40x130ml",40,8960.87,43
"ALL Other","Squeeze Mee",30/01/2026,"IN-431760","P2448","PHALABORWA PLASTICS CC (30 D FROM INV)","P.O. Box 273","","Phalaborwa","1390","Sealene Street","Sealene Centre shop 9 & 10","Phalaborwa","1390","015 781 6448","SQ002","Squeeze-Mee Strawberry 40x130ml",30,8960.87,43
"ALL Other","Squeeze Mee",30/01/2026,"IN-431760","P2448","PHALABORWA PLASTICS CC (30 D FROM INV)","P.O. Box 273","","Phalaborwa","1390","Sealene Street","Sealene Centre shop 9 & 10","Phalaborwa","1390","015 781 6448","SQ003","Squeeze-Mee Bubblegum 40x130ml",10,2986.96,43
"ALL Other","Squeeze Mee",30/01/2026,"IN-431760","P2448","PHALABORWA PLASTICS CC (30 D FROM INV)","P.O. Box 273","","Phalaborwa","1390","Sealene Street","Sealene Centre shop 9 & 10","Phalaborwa","1390","015 781 6448","SQ004","Squeeze-Mee Vanilla 40x130ml",10,2986.96,43
"ALL Other","Squeeze Mee",30/01/2026,"IN-431760","P2448","PHALABORWA PLASTICS CC (30 D FROM INV)","P.O. Box 273","","Phalaborwa","1390","Sealene Street","Sealene Centre shop 9 & 10","Phalaborwa","1390","015 781 6448","SQ011","Squeeze-Mee Tof/Car 40x130ml",20,5973.91,43
"ALL Other","Bromor Foods",30/01/2026,"IN-431761","P3966","SAMPADA AGRI PTY (LTD) 3DAYS EFT","POSTNET SUIT 111","PRIVATE BAG 9976","SANDTON CITY","GAUTENG","23-25 NELSON MADELA DRIVE","MODIMOLLE","LMPOPO","","011 318 0171","BR004","Energade Tropical  24X500ML",1,239.56,11
"ALL Other","Bromor Foods",30/01/2026,"IN-431761","P3966","SAMPADA AGRI PTY (LTD) 3DAYS EFT","POSTNET SUIT 111","PRIVATE BAG 9976","SANDTON CITY","GAUTENG","23-25 NELSON MADELA DRIVE","MODIMOLLE","LMPOPO","","011 318 0171","BR005","Energade Grape 24X500ML",1,239.56,11
"ALL Other","Foxi Snax",30/01/2026,"IN-431761","P3966","SAMPADA AGRI PTY (LTD) 3DAYS EFT","POSTNET SUIT 111","PRIVATE BAG 9976","SANDTON CITY","GAUTENG","23-25 NELSON MADELA DRIVE","MODIMOLLE","LMPOPO","","011 318 0171","FN021","Foxi Nax Beef 40x75g",1,216.53,11
"ALL Other","Foxi Snax",30/01/2026,"IN-431761","P3966","SAMPADA AGRI PTY (LTD) 3DAYS EFT","POSTNET SUIT 111","PRIVATE BAG 9976","SANDTON CITY","GAUTENG","23-25 NELSON MADELA DRIVE","MODIMOLLE","LMPOPO","","011 318 0171","FN023","Foxi Nax Salt Vinegar 40x75g",1,216.53,11
"ALL Other","Foxi Snax",30/01/2026,"IN-431761","P3966","SAMPADA AGRI PTY (LTD) 3DAYS EFT","POSTNET SUIT 111","PRIVATE BAG 9976","SANDTON CITY","GAUTENG","23-25 NELSON MADELA DRIVE","MODIMOLLE","LMPOPO","","011 318 0171","FN025","Foxi Nax BBQ 40x75g",1,216.53,11
"ALL Other","Foxi Snax",30/01/2026,"IN-431761","P3966","SAMPADA AGRI PTY (LTD) 3DAYS EFT","POSTNET SUIT 111","PRIVATE BAG 9976","SANDTON CITY","GAUTENG","23-25 NELSON MADELA DRIVE","MODIMOLLE","LMPOPO","","011 318 0171","FN026","Foxi Nax Spicy Tomato 40x75g",1,216.53,11
"ALL Other","Foxi Snax",30/01/2026,"IN-431761","P3966","SAMPADA AGRI PTY (LTD) 3DAYS EFT","POSTNET SUIT 111","PRIVATE BAG 9976","SANDTON CITY","GAUTENG","23-25 NELSON MADELA DRIVE","MODIMOLLE","LMPOPO","","011 318 0171","FNP003","Foxi Puffs BBQ 20x50g",1,93.48,11
"ALL Other","Foxi Snax",30/01/2026,"IN-431761","P3966","SAMPADA AGRI PTY (LTD) 3DAYS EFT","POSTNET SUIT 111","PRIVATE BAG 9976","SANDTON CITY","GAUTENG","23-25 NELSON MADELA DRIVE","MODIMOLLE","LMPOPO","","011 318 0171","FNP004","Foxi Puffs Spicy Tomato 20x50g",1,93.48,11
"ALL Other","National Brands",30/01/2026,"IN-431761","P3966","SAMPADA AGRI PTY (LTD) 3DAYS EFT","POSTNET SUIT 111","PRIVATE BAG 9976","SANDTON CITY","GAUTENG","23-25 NELSON MADELA DRIVE","MODIMOLLE","LMPOPO","","011 318 0171","NB10951","Bkrs Toppers Choc 12x125g",1,114.50,11
"ALL Other","Snack a Juice",30/01/2026,"IN-431761","P3966","SAMPADA AGRI PTY (LTD) 3DAYS EFT","POSTNET SUIT 111","PRIVATE BAG 9976","SANDTON CITY","GAUTENG","23-25 NELSON MADELA DRIVE","MODIMOLLE","LMPOPO","","011 318 0171","SJ206","Snack a Juice Litchi S/C 42% 24x500ml",1,354.24,11
"ALL Other","Snack a Juice",30/01/2026,"IN-431761","P3966","SAMPADA AGRI PTY (LTD) 3DAYS EFT","POSTNET SUIT 111","PRIVATE BAG 9976","SANDTON CITY","GAUTENG","23-25 NELSON MADELA DRIVE","MODIMOLLE","LMPOPO","","011 318 0171","SJ208","Snack a Juice Cranb S/C 100% 24x500ml",1,354.24,11
"ALL Other","Dairy Products",30/01/2026,"IN-431761","P3966","SAMPADA AGRI PTY (LTD) 3DAYS EFT","POSTNET SUIT 111","PRIVATE BAG 9976","SANDTON CITY","GAUTENG","23-25 NELSON MADELA DRIVE","MODIMOLLE","LMPOPO","","011 318 0171","SQ201","SQ D/Thick 12x300ml Chocolate",1,134.78,11
"ALL Other","Dairy Products",30/01/2026,"IN-431761","P3966","SAMPADA AGRI PTY (LTD) 3DAYS EFT","POSTNET SUIT 111","PRIVATE BAG 9976","SANDTON CITY","GAUTENG","23-25 NELSON MADELA DRIVE","MODIMOLLE","LMPOPO","","011 318 0171","SQ204","SQ D/Thick 12x300ml Toff/Caramel",1,134.78,11
"ALL Other","Waterberg NEW",30/01/2026,"IN-431762","P3930","A DIVISION OF MOTSWIRI PARTNERS","POSTNET SUITE","PRIVAATSAK","","","SANDRIF WEG 251","VAALWATER","","","082 553 6466","WBNEW750","W/B Spring Water Still 12x750ml",4,398.26,11
"ALL Other","Novelties",30/01/2026,"IN-431763","P2466","MEATRITE  SA (Pty) Ltd","P.O. Box 2053","","Modimolle","0510","3292 Neptune Street","Modimolle","NYLSTROOM","0150","014 717 5562","CP48","Crazy Pops Small  Box 48",2,80,11
"ALL Other","Squeeze Mee",30/01/2026,"IN-431764","P2466","MEATRITE  SA (Pty) Ltd","P.O. Box 2053","","Modimolle","0510","3292 Neptune Street","Modimolle","NYLSTROOM","0150","014 717 5562","SQ001","Squeeze-Mee Chocolate 40x130ml",1,298.70,11
"ALL Other","Squeeze Mee",30/01/2026,"IN-431764","P2466","MEATRITE  SA (Pty) Ltd","P.O. Box 2053","","Modimolle","0510","3292 Neptune Street","Modimolle","NYLSTROOM","0150","014 717 5562","SQ002","Squeeze-Mee Strawberry 40x130ml",1,298.70,11
"ALL Other","Squeeze Mee",30/01/2026,"IN-431764","P2466","MEATRITE  SA (Pty) Ltd","P.O. Box 2053","","Modimolle","0510","3292 Neptune Street","Modimolle","NYLSTROOM","0150","014 717 5562","SQ004","Squeeze-Mee Vanilla 40x130ml",1,298.70,11
"ALL Other","Squeeze Mee",30/01/2026,"IN-431764","P2466","MEATRITE  SA (Pty) Ltd","P.O. Box 2053","","Modimolle","0510","3292 Neptune Street","Modimolle","NYLSTROOM","0150","014 717 5562","SQ011","Squeeze-Mee Tof/Car 40x130ml",1,298.70,11
"ALL Other","Foxi Snax",30/01/2026,"IN-431765","S95","LUCAS NONG","","","","","","","","","015 293 0704","FN001","Foxi Nax Cheese 50x22g",1,65.74,30
"ALL Other","Waterberg",30/01/2026,"IN-431766","S69","SAMSON MAKHUBELA","","","","","","","","","083 644 5529","W130","Vuka Still 24x500ml",1,91.30,30
"Total","SG - Wrigley's",30/01/2026,"IN-431767","P1737","TOTAL MODIMOLLE ( 7  DAYS EFT)","P.O. Box 751","Modimolle","0501","","42 Thabo Mbeki Street","","Modimolle","0510","014 717 1608","AIR201","W/R Gum Airwave Men/Euc 30",1,295.20,11
"Total","SG - Wrigley's",30/01/2026,"IN-431767","P1737","TOTAL MODIMOLLE ( 7  DAYS EFT)","P.O. Box 751","Modimolle","0501","","42 Thabo Mbeki Street","","Modimolle","0510","014 717 1608","AIR203","W/R Gum Airwave  B/current 30",1,295.20,11
"Total","SG - Wrigley's",30/01/2026,"IN-431767","P1737","TOTAL MODIMOLLE ( 7  DAYS EFT)","P.O. Box 751","Modimolle","0501","","42 Thabo Mbeki Street","","Modimolle","0510","014 717 1608","AIR205","W/R Gum Airwave  Cher/Men 30",1,295.20,11
"Total","SG - Wrigley's",30/01/2026,"IN-431767","P1737","TOTAL MODIMOLLE ( 7  DAYS EFT)","P.O. Box 751","Modimolle","0501","","42 Thabo Mbeki Street","","Modimolle","0510","014 717 1608","AIR206","W/R Gum Airwaves B/Mint 30",1,295.20,11
"Total","SG - Mars",30/01/2026,"IN-431767","P1737","TOTAL MODIMOLLE ( 7  DAYS EFT)","P.O. Box 751","Modimolle","0501","","42 Thabo Mbeki Street","","Modimolle","0510","014 717 1608","MAR501","M & M Milk Choc 24x45g",1,347.28,11
"Total","SG - Wrigley's",30/01/2026,"IN-431767","P1737","TOTAL MODIMOLLE ( 7  DAYS EFT)","P.O. Box 751","Modimolle","0501","","42 Thabo Mbeki Street","","Modimolle","0510","014 717 1608","ORB173","Wrigley OTC Orbit Peppermint 30",1,256.20,11
"Total","SG - Wrigley's",30/01/2026,"IN-431767","P1737","TOTAL MODIMOLLE ( 7  DAYS EFT)","P.O. Box 751","Modimolle","0501","","42 Thabo Mbeki Street","","Modimolle","0510","014 717 1608","ORB174","Wrigley OTC Orbit Spearmint 30",1,256.20,11
"Total","SG - Wrigley's",30/01/2026,"IN-431767","P1737","TOTAL MODIMOLLE ( 7  DAYS EFT)","P.O. Box 751","Modimolle","0501","","42 Thabo Mbeki Street","","Modimolle","0510","014 717 1608","ORB176","Wrigley OTC Orbit Prof White 30",1,256.20,11
"Total","SG - Wrigley's",30/01/2026,"IN-431767","P1737","TOTAL MODIMOLLE ( 7  DAYS EFT)","P.O. Box 751","Modimolle","0501","","42 Thabo Mbeki Street","","Modimolle","0510","014 717 1608","ORB177","Wrigley OTC Orbit Prof Strong Mint 30",1,256.20,11
"ALL Other","Sweets",30/01/2026,"IN-431768","P3966","SAMPADA AGRI PTY (LTD) 3DAYS EFT","POSTNET SUIT 111","PRIVATE BAG 9976","SANDTON CITY","GAUTENG","23-25 NELSON MADELA DRIVE","MODIMOLLE","LMPOPO","","011 318 0171","B012862","Maynards Mini Jubes Disp 24x60G NEW",1,258.13,11
"ALL Other","Sweets",30/01/2026,"IN-431768","P3966","SAMPADA AGRI PTY (LTD) 3DAYS EFT","POSTNET SUIT 111","PRIVATE BAG 9976","SANDTON CITY","GAUTENG","23-25 NELSON MADELA DRIVE","MODIMOLLE","LMPOPO","","011 318 0171","B012863","Maynards Mini Teddies Disp. 24x60g NEW",2,516.25,11
"ALL Other","Sweets",30/01/2026,"IN-431768","P3966","SAMPADA AGRI PTY (LTD) 3DAYS EFT","POSTNET SUIT 111","PRIVATE BAG 9976","SANDTON CITY","GAUTENG","23-25 NELSON MADELA DRIVE","MODIMOLLE","LMPOPO","","011 318 0171","B012871","Maynards Orig W/Gums Disp 24x60G NEW",3,774.38,11
"ALL Other","Sweets",30/01/2026,"IN-431768","P3966","SAMPADA AGRI PTY (LTD) 3DAYS EFT","POSTNET SUIT 111","PRIVATE BAG 9976","SANDTON CITY","GAUTENG","23-25 NELSON MADELA DRIVE","MODIMOLLE","LMPOPO","","011 318 0171","B012872","Maynards Jelly Jerseys 24x60G NEW",2,516.25,11
"ALL Other","Sweets",30/01/2026,"IN-431768","P3966","SAMPADA AGRI PTY (LTD) 3DAYS EFT","POSTNET SUIT 111","PRIVATE BAG 9976","SANDTON CITY","GAUTENG","23-25 NELSON MADELA DRIVE","MODIMOLLE","LMPOPO","","011 318 0171","B012873","Maynards Soft Fruity Gums 24x60g NEW",2,516.25,11
"ALL Other","Sweets",30/01/2026,"IN-431768","P3966","SAMPADA AGRI PTY (LTD) 3DAYS EFT","POSTNET SUIT 111","PRIVATE BAG 9976","SANDTON CITY","GAUTENG","23-25 NELSON MADELA DRIVE","MODIMOLLE","LMPOPO","","011 318 0171","B012874","Maynards Yoghurt Gums 24x60g NEW",1,258.13,11
"ALL Other","Sweets",30/01/2026,"IN-431768","P3966","SAMPADA AGRI PTY (LTD) 3DAYS EFT","POSTNET SUIT 111","PRIVATE BAG 9976","SANDTON CITY","GAUTENG","23-25 NELSON MADELA DRIVE","MODIMOLLE","LMPOPO","","011 318 0171","B012877","Maynards Sweet & Sour Jubes Disp 24x60g NEW",2,516.25,11
"ALL Other","Sweets",30/01/2026,"IN-431768","P3966","SAMPADA AGRI PTY (LTD) 3DAYS EFT","POSTNET SUIT 111","PRIVATE BAG 9976","SANDTON CITY","GAUTENG","23-25 NELSON MADELA DRIVE","MODIMOLLE","LMPOPO","","011 318 0171","B012878","Maynards Wine Gum Duo's 24x60G NEW",1,258.13,11
"ALL Other","Sweets",30/01/2026,"IN-431768","P3966","SAMPADA AGRI PTY (LTD) 3DAYS EFT","POSTNET SUIT 111","PRIVATE BAG 9976","SANDTON CITY","GAUTENG","23-25 NELSON MADELA DRIVE","MODIMOLLE","LMPOPO","","011 318 0171","B2148","Maynards Orig W/Gums Roll 36 x 39g",1,286.13,11
"ALL Other","Sweets",30/01/2026,"IN-431768","P3966","SAMPADA AGRI PTY (LTD) 3DAYS EFT","POSTNET SUIT 111","PRIVATE BAG 9976","SANDTON CITY","GAUTENG","23-25 NELSON MADELA DRIVE","MODIMOLLE","LMPOPO","","011 318 0171","B2151","Maynards Fruit Jelly Beans Disp. 24x60g",1,258.13,11
"ALL Other","Sweets",30/01/2026,"IN-431768","P3966","SAMPADA AGRI PTY (LTD) 3DAYS EFT","POSTNET SUIT 111","PRIVATE BAG 9976","SANDTON CITY","GAUTENG","23-25 NELSON MADELA DRIVE","MODIMOLLE","LMPOPO","","011 318 0171","B2169","Maynards Allsorts Non Liq Mini 24x60g",1,258.13,11
"ALL Other","Sweets",30/01/2026,"IN-431768","P3966","SAMPADA AGRI PTY (LTD) 3DAYS EFT","POSTNET SUIT 111","PRIVATE BAG 9976","SANDTON CITY","GAUTENG","23-25 NELSON MADELA DRIVE","MODIMOLLE","LMPOPO","","011 318 0171","B2920","Fizz Pop Cherry Tub 40's",3,176.88,11
"ALL Other","Sweets",30/01/2026,"IN-431768","P3966","SAMPADA AGRI PTY (LTD) 3DAYS EFT","POSTNET SUIT 111","PRIVATE BAG 9976","SANDTON CITY","GAUTENG","23-25 NELSON MADELA DRIVE","MODIMOLLE","LMPOPO","","011 318 0171","B2922","Fizz Pop Apple Tub 40's",3,176.88,11
"ALL Other","Sweets",30/01/2026,"IN-431768","P3966","SAMPADA AGRI PTY (LTD) 3DAYS EFT","POSTNET SUIT 111","PRIVATE BAG 9976","SANDTON CITY","GAUTENG","23-25 NELSON MADELA DRIVE","MODIMOLLE","LMPOPO","","011 318 0171","B8162","Maynards Liquorice Allsorts Mini 24x75G",1,258.13,11
"ALL Other","Sweets",30/01/2026,"IN-431768","P3966","SAMPADA AGRI PTY (LTD) 3DAYS EFT","POSTNET SUIT 111","PRIVATE BAG 9976","SANDTON CITY","GAUTENG","23-25 NELSON MADELA DRIVE","MODIMOLLE","LMPOPO","","011 318 0171","B8530","Wilson XXX Lozengers Mint 48x31.2g",1,187.38,11
"ALL Other","Diplomat",30/01/2026,"IN-431768","P3966","SAMPADA AGRI PTY (LTD) 3DAYS EFT","POSTNET SUIT 111","PRIVATE BAG 9976","SANDTON CITY","GAUTENG","23-25 NELSON MADELA DRIVE","MODIMOLLE","LMPOPO","","011 318 0171","C3402","Cadbury Lunch Bar Large 40x44g",1,452.84,11
"ALL Other","Nestle",30/01/2026,"IN-431768","P3966","SAMPADA AGRI PTY (LTD) 3DAYS EFT","POSTNET SUIT 111","PRIVATE BAG 9976","SANDTON CITY","GAUTENG","23-25 NELSON MADELA DRIVE","MODIMOLLE","LMPOPO","","011 318 0171","NES001BAR","Nestle Bar One 24x21g",1,108,11
"ALL Other","Nestle",30/01/2026,"IN-431768","P3966","SAMPADA AGRI PTY (LTD) 3DAYS EFT","POSTNET SUIT 111","PRIVATE BAG 9976","SANDTON CITY","GAUTENG","23-25 NELSON MADELA DRIVE","MODIMOLLE","LMPOPO","","011 318 0171","NES001KIT","Nestle Kit Kat 4F Milk 48x41.5g",1,504,11
"ALL Other","Nestle",30/01/2026,"IN-431768","P3966","SAMPADA AGRI PTY (LTD) 3DAYS EFT","POSTNET SUIT 111","PRIVATE BAG 9976","SANDTON CITY","GAUTENG","23-25 NELSON MADELA DRIVE","MODIMOLLE","LMPOPO","","011 318 0171","NES002KIT","Nestle Kit Kat 4F Dark 48x41.5g",1,504,11
"ALL Other","Nestle",30/01/2026,"IN-431768","P3966","SAMPADA AGRI PTY (LTD) 3DAYS EFT","POSTNET SUIT 111","PRIVATE BAG 9976","SANDTON CITY","GAUTENG","23-25 NELSON MADELA DRIVE","MODIMOLLE","LMPOPO","","011 318 0171","NES003BAR","Nestle Bar One 40x52g",1,420,11
"ALL Other","Nestle",30/01/2026,"IN-431768","P3966","SAMPADA AGRI PTY (LTD) 3DAYS EFT","POSTNET SUIT 111","PRIVATE BAG 9976","SANDTON CITY","GAUTENG","23-25 NELSON MADELA DRIVE","MODIMOLLE","LMPOPO","","011 318 0171","NES003KIT","Nestle Kit Kat 4F White 48x41.5g",1,504,11
"ALL Other","Aquelle",30/01/2026,"IN-431769","P315","VAALWATER APTEEK(CAD)","P. O. Box 448","Vaalwater","0530","","251 SANDDRIF DRIVE","","VAALWATER","0530","014-755-3785","QU202","aQuelle Sparkling 6x500ml",2,65.20,11
"ALL Other","Take 5 Juice",30/01/2026,"IN-431769","P315","VAALWATER APTEEK(CAD)","P. O. Box 448","Vaalwater","0530","","251 SANDDRIF DRIVE","","VAALWATER","0530","014-755-3785","TA500","Take 5 Fruit Cocktail 100% 10x500ml",1,174.48,11
"ALL Other","Take 5 Juice",30/01/2026,"IN-431769","P315","VAALWATER APTEEK(CAD)","P. O. Box 448","Vaalwater","0530","","251 SANDDRIF DRIVE","","VAALWATER","0530","014-755-3785","TA506","Take 5 Cranberry 100% 10x500ml",1,174.48,11
"ALL Other","Waterberg NEW",30/01/2026,"IN-431769","P315","VAALWATER APTEEK(CAD)","P. O. Box 448","Vaalwater","0530","","251 SANDDRIF DRIVE","","VAALWATER","0530","014-755-3785","WBNEW500","W/B Spring Water Still 24x500ml",1,131.74,11
"ALL Other","Waterberg NEW",30/01/2026,"IN-431769","P315","VAALWATER APTEEK(CAD)","P. O. Box 448","Vaalwater","0530","","251 SANDDRIF DRIVE","","VAALWATER","0530","014-755-3785","WBNEW750","W/B Spring Water Still 12x750ml",2,199.13,11
"ALL Other","Foxi Snax",30/01/2026,"IN-431770","P3528","MALIE SE SNOEPIE (CAD)","C/O ODENDAAL & GOLF STREET","MODIMOLLE","","","C/O VAN ODENDAA&GOLF STREET","MODIMOLLE","","","082 538 0574","FN004","Foxi Nax Salt Vinegar 50x22g",2,146.09,14
"ALL Other","Foxi Snax",30/01/2026,"IN-431770","P3528","MALIE SE SNOEPIE (CAD)","C/O ODENDAAL & GOLF STREET","MODIMOLLE","","","C/O VAN ODENDAA&GOLF STREET","MODIMOLLE","","","082 538 0574","FN023","Foxi Nax Salt Vinegar 40x75g",2,433.05,14
"ALL Other","Foxi Snax",30/01/2026,"IN-431770","P3528","MALIE SE SNOEPIE (CAD)","C/O ODENDAAL & GOLF STREET","MODIMOLLE","","","C/O VAN ODENDAA&GOLF STREET","MODIMOLLE","","","082 538 0574","FN025","Foxi Nax BBQ 40x75g",1,216.53,14
